CustomerID,Recency,Frequency,Monetary,Quantity,AvgBasket,Country,Cluster,SegmentName
12347,96,5,2540.29,1467,23.965,Iceland,1,VIP / Giá trị cao
12348,221,1,367.0,269,73.4,Finland,2,Ngủ quên / cần kích hoạt lại
12350,312,1,334.4,197,19.670588235294115,Norway,3,Mới hoặc giá trị thấp
12352,275,3,1296.38,156,56.36434782608696,Norway,2,Ngủ quên / cần kích hoạt lại
12355,97,1,459.4,240,35.33846153846154,Bahrain,2,Ngủ quên / cần kích hoạt lại
12356,129,1,481.46000000000004,370,22.92666666666667,Portugal,2,Ngủ quên / cần kích hoạt lại
12357,183,1,6207.67,2708,47.38679389312977,Switzerland,2,Ngủ quên / cần kích hoạt lại
12358,4,2,1168.06,248,61.47684210526315,Austria,0,Trung thành tiềm năng
12359,10,3,3495.73,965,24.445664335664336,Cyprus,1,VIP / Giá trị cao
12362,31,5,2135.79,1077,19.416272727272727,Belgium,1,VIP / Giá trị cao
12363,37,1,299.1,282,18.69375,Unspecified,3,Mới hoặc giá trị thấp
12364,302,1,310.32,502,11.493333333333332,Belgium,3,Mới hoặc giá trị thấp
12367,213,1,168.9,173,15.354545454545455,Denmark,3,Mới hoặc giá trị thấp
12370,69,1,938.39,1005,19.549791666666668,Cyprus,2,Ngủ quên / cần kích hoạt lại
12371,31,1,1527.96,582,24.644516129032258,Switzerland,2,Ngủ quên / cần kích hoạt lại
12372,36,1,515.7,368,27.142105263157898,Denmark,2,Ngủ quên / cần kích hoạt lại
12373,343,1,364.6,197,26.042857142857144,Austria,3,Mới hoặc giá trị thấp
12375,305,1,230.3,87,20.936363636363637,Finland,3,Mới hoặc giá trị thấp
12378,306,1,4008.62,2529,18.30420091324201,Switzerland,2,Ngủ quên / cần kích hoạt lại
12380,158,1,607.5500000000001,293,16.87638888888889,Belgium,2,Ngủ quên / cần kích hoạt lại
12381,1,5,1845.31,808,21.21045977011494,Norway,0,Trung thành tiềm năng
12383,10,2,750.61,610,20.850277777777777,Belgium,0,Trung thành tiềm năng
12384,30,2,585.27,126,21.676666666666666,Switzerland,2,Ngủ quên / cần kích hoạt lại
12386,193,2,401.9,354,40.19,Australia,2,Ngủ quên / cần kích hoạt lại
12388,99,2,334.95000000000005,127,20.934375000000003,Australia,3,Mới hoặc giá trị thấp
12393,40,2,884.1,462,24.558333333333334,Australia,2,Ngủ quên / cần kích hoạt lại
12394,154,2,1272.48,819,47.12888888888889,Belgium,2,Ngủ quên / cần kích hoạt lại
12395,6,7,1762.63,1309,18.554000000000002,Belgium,1,VIP / Giá trị cao
12397,244,1,1195.09,559,21.340892857142855,Belgium,2,Ngủ quên / cần kích hoạt lại
12399,3,3,820.6,814,21.04102564102564,Belgium,0,Trung thành tiềm năng
12401,100,1,84.3,11,16.86,Belgium,3,Mới hoặc giá trị thấp
12406,96,1,1621.25,793,33.08673469387755,Denmark,2,Ngủ quên / cần kích hoạt lại
12407,187,1,719.06,522,21.78969696969697,Belgium,2,Ngủ quên / cần kích hoạt lại
12408,153,2,1396.78,675,34.9195,Belgium,2,Ngủ quên / cần kích hoạt lại
12409,66,1,6207.08,3142,96.985625,Switzerland,2,Ngủ quên / cần kích hoạt lại
12410,253,2,693.3299999999999,211,26.666538461538458,Switzerland,2,Ngủ quên / cần kích hoạt lại
12413,193,2,673.45,261,19.80735294117647,France,2,Ngủ quên / cần kích hoạt lại
12414,189,2,319.61,187,24.585384615384616,Austria,3,Mới hoặc giá trị thấp
12415,71,10,44582.79,25410,197.26898230088497,Australia,1,VIP / Giá trị cao
12417,182,4,1572.48,625,18.9455421686747,Belgium,2,Ngủ quên / cần kích hoạt lại
12420,154,1,600.39,345,20.70310344827586,Cyprus,2,Ngủ quên / cần kích hoạt lại
12422,216,1,147.7,82,18.4625,Australia,3,Mới hoặc giá trị thấp
12423,90,3,548.92,508,13.722999999999999,Belgium,2,Ngủ quên / cần kích hoạt lại
12427,62,2,586.08,193,23.4432,Germany,2,Ngủ quên / cần kích hoạt lại
12428,33,6,6580.52,2977,25.40741312741313,Finland,1,VIP / Giá trị cao
12429,455,1,1281.5,454,64.075,Denmark,2,Ngủ quên / cần kích hoạt lại
12431,3,7,3055.05,1463,31.49536082474227,Australia,1,VIP / Giá trị cao
12433,90,5,9033.92,7658,30.727619047619047,Norway,1,VIP / Giá trị cao
12436,336,1,509.01,211,31.813125,Norway,3,Mới hoặc giá trị thấp
12437,10,7,2040.81,1177,24.588072289156624,France,1,VIP / Giá trị cao
12441,486,1,173.55,121,15.77727272727273,France,3,Mới hoặc giá trị thấp
12442,182,1,172.06,182,14.338333333333333,Spain,3,Mới hoặc giá trị thấp
12444,1,2,1636.08,153,51.1275,Norway,0,Trung thành tiềm năng
12447,68,1,476.49,190,18.326538461538462,Belgium,3,Mới hoặc giá trị thấp
12449,93,3,2724.58,1029,20.640757575757576,Belgium,2,Ngủ quên / cần kích hoạt lại
12450,187,1,96.0,64,48.0,Spain,3,Mới hoặc giá trị thấp
12451,215,2,4927.87,3421,25.401391752577318,Switzerland,2,Ngủ quên / cần kích hoạt lại
12455,187,3,477.46000000000004,243,16.464137931034482,Spain,2,Ngủ quên / cần kích hoạt lại
12457,245,1,196.35,33,196.35,Cyprus,3,Mới hoặc giá trị thấp
12461,126,2,826.88,287,23.62514285714286,Switzerland,2,Ngủ quên / cần kích hoạt lại
12462,100,1,762.11,287,19.05275,Spain,2,Ngủ quên / cần kích hoạt lại
12463,7,1,350.57,189,17.5285,Belgium,0,Trung thành tiềm năng
12464,284,1,213.89999999999998,21,35.65,Belgium,3,Mới hoặc giá trị thấp
12468,219,1,508.95000000000005,239,19.575000000000003,Germany,3,Mới hoặc giá trị thấp
12471,152,12,10309.97,4343,46.4413063063063,Germany,1,VIP / Giá trị cao
12472,153,2,1899.38,1109,23.742250000000002,Germany,2,Ngủ quên / cần kích hoạt lại
12473,61,3,1726.51,561,44.26948717948718,Germany,2,Ngủ quên / cần kích hoạt lại
12474,4,3,1179.64,693,17.606567164179108,Germany,0,Trung thành tiềm năng
12476,220,1,311.2,20,103.73333333333333,Germany,3,Mới hoặc giá trị thấp
12477,39,2,3415.19,985,44.93671052631579,Germany,2,Ngủ quên / cần kích hoạt lại
12478,182,1,680.99,236,18.91638888888889,Greece,2,Ngủ quên / cần kích hoạt lại
12480,30,2,1952.93,978,23.816219512195122,Germany,2,Ngủ quên / cần kích hoạt lại
12481,163,3,2070.23,1288,25.24670731707317,Germany,2,Ngủ quên / cần kích hoạt lại
12483,36,4,1185.46,646,30.396410256410256,Sweden,2,Ngủ quên / cần kích hoạt lại
12484,153,3,2017.24,962,12.4520987654321,Spain,2,Ngủ quên / cần kích hoạt lại
12489,163,1,334.93,105,22.328666666666667,France,3,Mới hoặc giá trị thấp
12490,97,4,2463.06,1360,23.0192523364486,France,1,VIP / Giá trị cao
12491,334,1,460.40000000000003,260,17.70769230769231,France,3,Mới hoặc giá trị thấp
12492,154,1,136.82,123,12.438181818181818,Germany,3,Mới hoặc giá trị thấp
12494,338,2,210.82,88,16.216923076923077,France,3,Mới hoặc giá trị thấp
12500,71,3,745.03,488,43.825294117647054,Germany,2,Ngủ quên / cần kích hoạt lại
12501,163,1,2169.39,1783,14.559664429530201,Germany,2,Ngủ quên / cần kích hoạt lại
12502,189,4,3021.07,645,26.043706896551726,Spain,2,Ngủ quên / cần kích hoạt lại
12504,91,1,449.4,87,74.89999999999999,Germany,3,Mới hoặc giá trị thấp
12507,157,1,46.75,11,46.75,Spain,3,Mới hoặc giá trị thấp
12508,61,1,275.19,203,5.292115384615385,France,3,Mới hoặc giá trị thấp
12512,245,2,138.03,99,4.059705882352941,Israel,3,Mới hoặc giá trị thấp
12516,5,1,583.2,345,44.861538461538466,Germany,0,Trung thành tiềm năng
12517,30,4,2085.64,1161,7.99095785440613,Germany,1,VIP / Giá trị cao
12518,1,3,1207.16,836,16.536438356164386,Germany,0,Trung thành tiềm năng
12519,154,1,340.84,183,18.935555555555553,Germany,3,Mới hoặc giá trị thấp
12520,38,1,987.42,618,16.457,Germany,2,Ngủ quên / cần kích hoạt lại
12523,10,3,398.7,160,16.6125,France,0,Trung thành tiềm năng
12524,71,4,2962.6,2681,30.860416666666666,Germany,1,VIP / Giá trị cao
12526,90,2,797.38,406,18.985238095238095,Germany,2,Ngủ quên / cần kích hoạt lại
12528,130,2,552.64,179,19.737142857142857,Germany,2,Ngủ quên / cần kích hoạt lại
12530,31,3,1244.68,681,23.936153846153847,Germany,2,Ngủ quên / cần kích hoạt lại
12532,91,1,349.83000000000004,153,21.864375000000003,France,3,Mới hoặc giá trị thấp
12534,337,1,1089.18,651,17.28857142857143,Germany,2,Ngủ quên / cần kích hoạt lại
12535,93,2,716.35,219,21.069117647058825,France,2,Ngủ quên / cần kích hoạt lại
12536,31,1,4279.71,2801,16.523976833976835,France,2,Ngủ quên / cần kích hoạt lại
12538,61,1,363.95,191,17.33095238095238,Spain,3,Mới hoặc giá trị thấp
12539,71,1,1715.85,643,18.45,Spain,2,Ngủ quên / cần kích hoạt lại
12540,40,8,5047.38,2513,25.11134328358209,Spain,1,VIP / Giá trị cao
12541,61,2,757.44,549,18.474146341463417,Spain,2,Ngủ quên / cần kích hoạt lại
12544,275,1,372.7,136,19.61578947368421,Spain,3,Mới hoặc giá trị thấp
12547,252,1,159.4,109,26.566666666666666,Spain,3,Mới hoặc giá trị thấp
12552,334,1,120.0,3,120.0,Italy,3,Mới hoặc giá trị thấp
12553,1,4,1356.57,651,20.87030769230769,France,0,Trung thành tiềm năng
12556,34,1,312.9,166,4.670149253731343,Spain,3,Mới hoặc giá trị thấp
12557,40,3,8183.46,2914,340.9775,Spain,1,VIP / Giá trị cao
12558,302,1,269.96,196,24.54181818181818,USA,3,Mới hoặc giá trị thấp
12559,312,1,75.60000000000001,36,75.60000000000001,Germany,3,Mới hoặc giá trị thấp
12560,243,1,697.7,290,24.917857142857144,Germany,2,Ngủ quên / cần kích hoạt lại
12561,70,1,238.85,177,14.928125,Germany,3,Mới hoặc giá trị thấp
12562,217,2,1304.3700000000001,646,25.57588235294118,France,2,Ngủ quên / cần kích hoạt lại
12567,127,6,4643.61,2336,20.189608695652172,France,1,VIP / Giá trị cao
12569,1,18,2534.95,1119,22.63348214285714,Germany,1,VIP / Giá trị cao
12571,64,1,248.35,197,17.739285714285714,France,3,Mới hoặc giá trị thấp
12572,333,1,487.68,159,20.32,Germany,3,Mới hoặc giá trị thấp
12576,131,4,1076.6299999999999,819,14.953194444444442,Poland,2,Ngủ quên / cần kích hoạt lại
12577,244,2,461.91,338,5.773875,France,2,Ngủ quên / cần kích hoạt lại
12580,160,1,415.7,238,17.320833333333333,Germany,3,Mới hoặc giá trị thấp
12583,1,9,5093.2699999999995,3509,33.50835526315789,France,1,VIP / Giá trị cao
12584,158,4,835.94,161,23.220555555555556,Italy,2,Ngủ quên / cần kích hoạt lại
12587,302,1,144.0,51,36.0,Finland,3,Mới hoặc giá trị thấp
12589,30,1,515.1800000000001,223,20.607200000000002,France,2,Ngủ quên / cần kích hoạt lại
12590,6,2,9864.26,4283,145.06264705882353,Germany,1,VIP / Giá trị cao
12592,67,2,437.6,290,24.311111111111114,Germany,2,Ngủ quên / cần kích hoạt lại
12593,220,2,321.8,152,20.1125,France,3,Mới hoặc giá trị thấp
12594,64,3,850.83,593,35.45125,Italy,2,Ngủ quên / cần kích hoạt lại
12596,37,1,269.95,156,17.996666666666666,Spain,3,Mới hoặc giá trị thấp
12597,96,1,912.66,445,19.013749999999998,Spain,2,Ngủ quên / cần kích hoạt lại
12598,30,4,1200.32,992,23.535686274509803,France,1,VIP / Giá trị cao
12599,34,4,636.3,635,16.315384615384612,France,2,Ngủ quên / cần kích hoạt lại
12600,30,3,884.02,297,46.52736842105263,Germany,2,Ngủ quên / cần kích hoạt lại
12601,40,3,325.46,161,17.129473684210524,Germany,2,Ngủ quên / cần kích hoạt lại
12602,1,1,153.12,162,12.76,France,0,Trung thành tiềm năng
12607,62,1,1579.51,1228,15.63871287128713,USA,2,Ngủ quên / cần kích hoạt lại
12609,188,1,512.8,295,18.99259259259259,Germany,2,Ngủ quên / cần kích hoạt lại
12610,217,1,946.75,457,17.53240740740741,Italy,2,Ngủ quên / cần kích hoạt lại
12614,161,1,315.6,76,15.780000000000001,Germany,3,Mới hoặc giá trị thấp
12615,152,2,1079.8,625,23.995555555555555,France,2,Ngủ quên / cần kích hoạt lại
12616,216,1,457.7,186,21.795238095238094,France,3,Mới hoặc giá trị thấp
12617,61,1,355.53,213,8.465,France,3,Mới hoặc giá trị thấp
12619,183,2,871.84,523,58.12266666666667,Germany,2,Ngủ quên / cần kích hoạt lại
12621,6,5,3424.84,2353,22.53184210526316,Germany,1,VIP / Giá trị cao
12623,130,1,305.1,191,16.950000000000003,Germany,3,Mới hoặc giá trị thấp
12625,6,1,967.2,703,29.309090909090912,Germany,0,Trung thành tiềm năng
12626,184,2,2440.39,1412,23.022547169811318,Germany,2,Ngủ quên / cần kích hoạt lại
12627,184,3,2441.14,1691,19.52912,Germany,2,Ngủ quên / cần kích hoạt lại
12628,183,3,786.46,448,19.181951219512197,Germany,2,Ngủ quên / cần kích hoạt lại
12633,1,2,434.43,231,14.980344827586206,Germany,0,Trung thành tiềm năng
12635,32,2,1689.18,1172,16.724554455445546,Germany,2,Ngủ quên / cần kích hoạt lại
12637,93,4,3630.15,1917,14.93888888888889,France,1,VIP / Giá trị cao
12638,183,1,671.69,577,17.222820512820515,Sweden,2,Ngủ quên / cần kích hoạt lại
12643,40,5,3094.14,1757,140.64272727272726,France,1,VIP / Giá trị cao
12644,306,1,477.91,325,15.416451612903227,Germany,3,Mới hoặc giá trị thấp
12645,183,2,893.9200000000001,499,26.291764705882354,Germany,2,Ngủ quên / cần kích hoạt lại
12646,213,1,615.28,408,29.299047619047617,USA,2,Ngủ quên / cần kích hoạt lại
12647,32,7,2260.07,806,28.250875,Germany,1,VIP / Giá trị cao
12648,126,1,318.05,160,15.145238095238096,Germany,3,Mới hoặc giá trị thấp
12649,36,1,375.0,204,22.058823529411764,Germany,3,Mới hoặc giá trị thấp
12650,182,1,314.44,254,15.722,France,3,Mới hoặc giá trị thấp
12651,101,1,114.0,78,12.666666666666666,France,3,Mới hoặc giá trị thấp
12652,10,1,919.98,505,19.16625,France,0,Trung thành tiềm năng
12654,303,1,171.23000000000002,64,15.566363636363638,Germany,3,Mới hoặc giá trị thấp
12659,61,1,91.68,105,18.336000000000002,France,3,Mới hoặc giá trị thấp
12662,90,5,1618.21,896,16.68257731958763,Germany,1,VIP / Giá trị cao
12664,1,4,2294.8,552,176.52307692307693,Finland,0,Trung thành tiềm năng
12667,1,1,620.13,395,18.791818181818183,Finland,0,Trung thành tiềm năng
12669,4,2,1607.73,267,50.2415625,France,0,Trung thành tiềm năng
12670,61,2,1273.54,606,29.61720930232558,France,2,Ngủ quên / cần kích hoạt lại
12673,243,1,389.62,180,20.506315789473685,Germany,3,Mới hoặc giá trị thấp
12674,93,2,993.8000000000001,639,21.604347826086958,France,2,Ngủ quên / cần kích hoạt lại
12676,125,3,800.15,387,34.78913043478261,Sweden,2,Ngủ quên / cần kích hoạt lại
12678,219,2,2073.52,1196,109.13263157894737,France,2,Ngủ quên / cần kích hoạt lại
12679,1,2,906.38,407,20.599545454545453,France,0,Trung thành tiềm năng
12680,32,2,361.83,148,16.44681818181818,France,2,Ngủ quên / cần kích hoạt lại
12681,34,7,5368.29,2845,20.80732558139535,France,1,VIP / Giá trị cao
12682,3,16,7288.08,3376,22.846645768025077,France,1,VIP / Giá trị cao
12683,6,10,4300.7,2532,22.28341968911917,France,1,VIP / Giá trị cao
12684,67,3,916.26,730,19.494893617021276,France,2,Ngủ quên / cần kích hoạt lại
12685,30,3,2019.54,1120,18.031607142857144,France,1,VIP / Giá trị cao
12686,639,1,89.14,107,12.734285714285715,France,3,Mới hoặc giá trị thấp
12689,247,1,511.03,281,15.030294117647058,France,3,Mới hoặc giá trị thấp
12691,1,2,479.5,196,43.59090909090909,France,0,Trung thành tiềm năng
12693,6,2,454.01,119,23.895263157894735,Germany,0,Trung thành tiềm năng
12694,95,1,439.5,323,21.975,France,2,Ngủ quên / cần kích hoạt lại
12695,245,2,248.2,48,31.025,France,3,Mới hoặc giá trị thấp
12697,30,1,223.68,149,18.64,Sweden,3,Mới hoặc giá trị thấp
12700,128,4,4939.99,2967,18.432798507462685,France,1,VIP / Giá trị cao
12701,37,1,337.08,246,16.05142857142857,Germany,3,Mới hoặc giá trị thấp
12704,244,3,1120.85,365,35.0265625,Finland,2,Ngủ quên / cần kích hoạt lại
12705,129,2,2319.67,1620,18.85910569105691,Germany,2,Ngủ quên / cần kích hoạt lại
12708,61,4,792.87,433,15.8574,Germany,2,Ngủ quên / cần kích hoạt lại
12709,1,6,4051.34,1994,37.51240740740741,Germany,1,VIP / Giá trị cao
12710,246,2,430.06,465,13.032121212121211,Germany,2,Ngủ quên / cần kích hoạt lại
12712,10,8,2680.03,683,31.529764705882354,Germany,1,VIP / Giá trị cao
12713,90,1,848.55,508,22.330263157894734,Germany,2,Ngủ quên / cần kích hoạt lại
12716,182,1,375.59000000000003,205,15.649583333333334,France,3,Mới hoặc giá trị thấp
12717,34,2,1030.98,506,18.74509090909091,Greece,2,Ngủ quên / cần kích hoạt lại
12719,215,2,644.95,374,16.53717948717949,France,2,Ngủ quên / cần kích hoạt lại
12720,4,13,3029.32,2391,16.028148148148148,Germany,1,VIP / Giá trị cao
12721,95,4,2026.6299999999999,1413,16.61172131147541,France,1,VIP / Giá trị cao
12722,4,1,302.92,156,15.943157894736842,France,0,Trung thành tiềm năng
12723,182,3,376.69,215,9.187560975609756,France,2,Ngủ quên / cần kích hoạt lại
12724,40,2,363.14,190,19.11263157894737,France,2,Ngủ quên / cần kích hoạt lại
12725,639,1,427.8,164,17.825,Italy,3,Mới hoặc giá trị thấp
12726,30,3,1363.9,1541,21.649206349206352,France,2,Ngủ quên / cần kích hoạt lại
12727,216,4,1903.54,853,33.99178571428571,France,2,Ngủ quên / cần kích hoạt lại
12728,40,1,252.54,122,19.426153846153845,France,3,Mới hoặc giá trị thấp
12731,36,3,2705.2,1392,64.4095238095238,France,1,VIP / Giá trị cao
12735,193,1,319.77,263,14.534999999999998,France,3,Mới hoặc giá trị thấp
12736,40,1,234.0,173,58.5,France,3,Mới hoặc giá trị thấp
12738,666,1,155.35,148,14.122727272727273,Germany,3,Mới hoặc giá trị thấp
12739,335,1,975.54,485,26.365945945945946,United Arab Emirates,2,Ngủ quên / cần kích hoạt lại
12740,154,1,427.6,342,15.837037037037037,France,2,Ngủ quên / cần kích hoạt lại
12744,221,3,8209.58,1389,144.02771929824561,Singapore,1,VIP / Giá trị cao
12747,152,5,2226.18,700,44.523599999999995,United Kingdom,1,VIP / Giá trị cao
12748,5,106,14154.13,11703,6.589445996275605,United Kingdom,1,VIP / Giá trị cao
12749,67,4,3518.29,1307,21.06760479041916,United Kingdom,1,VIP / Giá trị cao
12750,278,1,275.88,137,18.392,Poland,3,Mới hoặc giá trị thấp
12753,100,4,12940.51,7003,100.31403100775194,Japan,1,VIP / Giá trị cao
12754,161,2,61.62,49,1.2575510204081632,Japan,3,Mới hoặc giá trị thấp
12755,252,2,3811.95,1491,952.9875,Japan,2,Ngủ quên / cần kích hoạt lại
12757,5,6,3439.82,1747,10.71595015576324,Portugal,1,VIP / Giá trị cao
12758,130,1,1570.19,1109,28.039107142857144,Portugal,2,Ngủ quên / cần kích hoạt lại
12759,99,1,444.8,277,16.474074074074075,Netherlands,2,Ngủ quên / cần kích hoạt lại
12762,302,1,1436.93,1032,29.936041666666668,Portugal,2,Ngủ quên / cần kích hoạt lại
12763,578,1,320.08,196,20.005,Japan,3,Mới hoặc giá trị thấp
12766,101,3,2554.2000000000003,1102,23.220000000000002,Portugal,2,Ngủ quên / cần kích hoạt lại
12772,31,1,892.47,556,16.226727272727274,Portugal,2,Ngủ quên / cần kích hoạt lại
12775,280,2,634.25,442,23.49074074074074,Netherlands,2,Ngủ quên / cần kích hoạt lại
12778,96,2,255.93,297,15.995625,Netherlands,2,Ngủ quên / cần kích hoạt lại
12779,221,5,2298.15,1313,26.11534090909091,Poland,1,VIP / Giá trị cao
12781,154,1,277.48,325,27.748,Czech Republic,3,Mới hoặc giá trị thấp
12782,213,1,252.25,128,18.017857142857142,Portugal,3,Mới hoặc giá trị thấp
12783,152,2,622.84,231,20.761333333333333,Portugal,2,Ngủ quên / cần kích hoạt lại
12785,425,1,311.95,131,22.282142857142855,Portugal,3,Mới hoặc giá trị thấp
12787,93,1,186.56,145,23.32,Netherlands,3,Mới hoặc giá trị thấp
12789,215,1,91.85,4,22.9625,Netherlands,3,Mới hoặc giá trị thấp
12791,698,1,192.60000000000002,97,96.30000000000001,Netherlands,3,Mới hoặc giá trị thấp
12793,101,2,545.48,295,22.728333333333335,Portugal,2,Ngủ quên / cần kích hoạt lại
12794,305,1,317.0,227,15.85,Portugal,3,Mới hoặc giá trị thấp
12797,455,1,254.03,118,19.540769230769232,Portugal,3,Mới hoặc giá trị thấp
12802,188,1,427.58,314,17.1032,Netherlands,3,Mới hoặc giá trị thấp
12808,127,3,483.65000000000003,188,17.273214285714285,Portugal,2,Ngủ quên / cần kích hoạt lại
12816,216,1,253.55,51,18.110714285714288,Poland,3,Mới hoặc giá trị thấp
12817,283,1,166.04,53,41.51,Austria,3,Mới hoặc giá trị thấp
12820,182,1,210.35000000000002,115,17.52916666666667,United Kingdom,3,Mới hoặc giá trị thấp
12821,97,1,92.72,70,15.453333333333333,United Kingdom,3,Mới hoặc giá trị thấp
12823,246,1,229.5,30,229.5,United Kingdom,3,Mới hoặc giá trị thấp
12824,31,1,397.12,232,15.8848,United Kingdom,2,Ngủ quên / cần kích hoạt lại
12826,61,3,577.1,284,18.616129032258065,United Kingdom,2,Ngủ quên / cần kích hoạt lại
12827,153,2,212.4,80,21.240000000000002,United Kingdom,3,Mới hoặc giá trị thấp
12828,152,5,907.51,446,19.308723404255318,United Kingdom,2,Ngủ quên / cần kích hoạt lại
12829,163,1,207.25,251,34.541666666666664,United Kingdom,3,Mới hoặc giá trị thấp
12830,93,3,2258.56,4540,161.32571428571427,United Kingdom,1,VIP / Giá trị cao
12832,153,2,383.03,195,14.186296296296295,United Kingdom,3,Mới hoặc giá trị thấp
12834,311,1,312.38,110,17.354444444444443,United Kingdom,3,Mới hoặc giá trị thấp
12836,31,3,2161.73,909,14.316092715231788,United Kingdom,2,Ngủ quên / cần kích hoạt lại
12838,183,2,683.13,359,5.55390243902439,United Kingdom,2,Ngủ quên / cần kích hoạt lại
12839,96,5,2203.66,1456,18.834700854700852,United Kingdom,1,VIP / Giá trị cao
12840,66,2,1296.7,666,32.417500000000004,United Kingdom,2,Ngủ quên / cần kích hoạt lại
12841,5,13,2167.8,1362,9.54977973568282,United Kingdom,1,VIP / Giá trị cao
12842,253,1,310.73,157,22.195,United Kingdom,3,Mới hoặc giá trị thấp
12843,67,5,1282.36,539,16.0295,United Kingdom,2,Ngủ quên / cần kích hoạt lại
12844,61,2,325.96000000000004,125,6.268461538461539,United Kingdom,3,Mới hoặc giá trị thấp
12849,122,1,346.39,109,23.092666666666666,United Kingdom,3,Mới hoặc giá trị thấp
12851,246,1,135.18,109,2.7036000000000002,United Kingdom,3,Mới hoặc giá trị thấp
12854,7,1,420.46999999999997,260,10.011190476190475,United Kingdom,0,Trung thành tiềm năng
12855,667,1,38.1,30,12.700000000000001,United Kingdom,3,Mới hoặc giá trị thấp
12856,30,3,870.96,439,5.477735849056604,United Kingdom,2,Ngủ quên / cần kích hoạt lại
12857,70,1,801.6,274,23.576470588235296,United Kingdom,2,Ngủ quên / cần kích hoạt lại
12865,125,1,981.38,550,16.920344827586206,Austria,2,Ngủ quên / cần kích hoạt lại
12866,342,1,559.12,171,21.504615384615384,Belgium,3,Mới hoặc giá trị thấp
12867,97,2,1124.54,1367,6.984720496894409,United Kingdom,2,Ngủ quên / cần kích hoạt lại
12868,10,4,1176.3400000000001,662,15.27714285714286,United Kingdom,0,Trung thành tiềm năng
12872,455,1,378.53000000000003,203,9.961315789473685,United Kingdom,3,Mới hoặc giá trị thấp
12873,311,1,374.0,128,93.5,United Kingdom,3,Mới hoặc giá trị thấp
12875,364,1,293.76000000000005,1728,293.76000000000005,United Kingdom,2,Ngủ quên / cần kích hoạt lại
12877,156,4,376.56,340,13.448571428571428,United Kingdom,2,Ngủ quên / cần kích hoạt lại
12879,93,1,140.5,58,35.125,United Kingdom,3,Mới hoặc giá trị thấp
12881,99,1,298.0,21,42.57142857142857,United Kingdom,3,Mới hoặc giá trị thấp
12882,183,1,471.84000000000003,106,94.36800000000001,United Kingdom,3,Mới hoặc giá trị thấp
12883,32,1,291.63,68,15.348947368421053,United Kingdom,3,Mới hoặc giá trị thấp
12884,2,1,309.05,43,44.15,United Kingdom,0,Trung thành tiềm năng
12885,125,3,1175.22,655,16.552394366197184,United Kingdom,2,Ngủ quên / cần kích hoạt lại
12886,250,2,1378.4,770,16.809756097560978,United Kingdom,2,Ngủ quên / cần kích hoạt lại
12888,97,1,81.36,24,81.36,United Kingdom,3,Mới hoặc giá trị thấp
12891,158,2,289.0,850,144.5,United Kingdom,2,Ngủ quên / cần kích hoạt lại
12893,91,1,188.14,96,5.533529411764706,United Kingdom,3,Mới hoặc giá trị thấp
12897,39,1,128.8,64,64.4,United Kingdom,3,Mới hoặc giá trị thấp
12901,36,6,1621.92,1850,115.85142857142857,United Kingdom,1,VIP / Giá trị cao
12910,7,2,1286.6200000000001,722,38.98848484848485,United Kingdom,0,Trung thành tiềm năng
12912,152,2,804.24,320,73.11272727272727,United Kingdom,2,Ngủ quên / cần kích hoạt lại
12913,39,4,1401.49,868,50.05321428571428,United Kingdom,1,VIP / Giá trị cao
12915,667,1,199.65,41,15.357692307692307,United Kingdom,3,Mới hoặc giá trị thấp
12917,278,1,594.0,120,297.0,United Kingdom,2,Ngủ quên / cần kích hoạt lại
12919,3,3,676.82,346,24.17214285714286,United Kingdom,0,Trung thành tiềm năng
12921,36,20,7377.78,4265,22.98373831775701,United Kingdom,1,VIP / Giá trị cao
12922,338,1,405.38,370,14.477857142857143,United Kingdom,3,Mới hoặc giá trị thấp
12923,184,1,176.97,69,6.102413793103448,United Kingdom,3,Mới hoặc giá trị thấp
12924,2,2,508.23,272,23.101363636363637,United Kingdom,0,Trung thành tiềm năng
12925,213,1,325.74,283,14.806363636363637,United Kingdom,3,Mới hoặc giá trị thấp
12928,7,2,980.26,802,30.633125,United Kingdom,0,Trung thành tiềm năng
12929,343,1,117.85,37,14.73125,United Kingdom,3,Mới hoặc giá trị thấp
12931,33,5,35265.76,23192,568.8025806451614,United Kingdom,1,VIP / Giá trị cao
12933,342,1,110.75,65,13.84375,United Kingdom,3,Mới hoặc giá trị thấp
12935,151,2,343.78,330,18.093684210526316,United Kingdom,2,Ngủ quên / cần kích hoạt lại
12939,38,4,6397.92,2464,304.66285714285715,United Kingdom,1,VIP / Giá trị cao
12942,455,1,258.75,69,16.171875,United Kingdom,3,Mới hoặc giá trị thấp
12944,244,1,317.56,144,19.8475,United Kingdom,3,Mới hoặc giá trị thấp
12947,66,4,950.12,603,19.390204081632653,United Kingdom,2,Ngủ quên / cần kích hoạt lại
12948,31,2,660.6700000000001,273,18.351944444444445,United Kingdom,2,Ngủ quên / cần kích hoạt lại
12949,91,5,3025.07,1722,19.64331168831169,United Kingdom,1,VIP / Giá trị cao
12950,152,2,1531.4,1216,95.7125,United Kingdom,2,Ngủ quên / cần kích hoạt lại
12951,221,2,467.48,227,17.314074074074075,United Kingdom,2,Ngủ quên / cần kích hoạt lại
12952,243,1,297.73,119,16.540555555555557,United Kingdom,3,Mới hoặc giá trị thấp
12955,121,5,2505.06,1786,29.47129411764706,United Kingdom,1,VIP / Giá trị cao
12956,192,1,108.07,34,5.687894736842105,United Kingdom,3,Mới hoặc giá trị thấp
12957,188,2,1000.2,572,17.54736842105263,United Kingdom,2,Ngủ quên / cần kích hoạt lại
12962,302,1,95.85000000000001,51,19.17,United Kingdom,3,Mới hoặc giá trị thấp
12963,333,2,630.45,269,22.51607142857143,United Kingdom,2,Ngủ quên / cần kích hoạt lại
12965,32,1,771.91,283,7.081743119266055,United Kingdom,2,Ngủ quên / cần kích hoạt lại
12967,639,1,1368.4,360,91.22666666666667,United Kingdom,2,Ngủ quên / cần kích hoạt lại
12970,302,2,428.44,302,2.996083916083916,United Kingdom,3,Mới hoặc giá trị thấp
12971,10,35,3877.92,4118,30.77714285714286,United Kingdom,1,VIP / Giá trị cao
12976,6,1,738.6,561,33.57272727272727,United Kingdom,0,Trung thành tiềm năng
12977,187,1,39.239999999999995,12,4.359999999999999,United Kingdom,3,Mới hoặc giá trị thấp
12980,10,5,4082.94,282,453.66,United Kingdom,1,VIP / Giá trị cao
12981,61,1,185.04,108,20.56,United Kingdom,3,Mới hoặc giá trị thấp
12982,37,1,390.54,288,13.947857142857144,United Kingdom,2,Ngủ quên / cần kích hoạt lại
12985,30,2,1239.38,1533,16.30763157894737,United Kingdom,2,Ngủ quên / cần kích hoạt lại
12989,2,7,2961.31,1179,75.93102564102564,United Kingdom,1,VIP / Giá trị cao
12990,122,3,409.5,200,31.5,United Kingdom,2,Ngủ quên / cần kích hoạt lại
12993,33,1,197.1,112,16.425,United Kingdom,3,Mới hoặc giá trị thấp
12994,33,2,621.82,293,15.944102564102565,United Kingdom,2,Ngủ quên / cần kích hoạt lại
12997,2,1,307.92,170,19.245,United Kingdom,0,Trung thành tiềm năng
12999,129,1,320.28000000000003,310,13.925217391304349,United Kingdom,3,Mới hoặc giá trị thấp
13000,425,1,201.75,77,18.34090909090909,United Kingdom,3,Mới hoặc giá trị thấp
13001,127,5,3717.6800000000003,2048,29.50539682539683,United Kingdom,1,VIP / Giá trị cao
13003,34,2,89.05000000000001,55,17.810000000000002,United Kingdom,3,Mới hoặc giá trị thấp
13004,71,7,2364.39,2011,14.243313253012047,United Kingdom,1,VIP / Giá trị cao
13005,160,1,321.65,135,17.869444444444444,United Kingdom,3,Mới hoặc giá trị thấp
13011,666,1,50.550000000000004,13,16.85,United Kingdom,3,Mới hoặc giá trị thấp
13012,67,2,330.12,148,20.6325,United Kingdom,3,Mới hoặc giá trị thấp
13013,36,10,4000.44,1858,22.348826815642457,United Kingdom,1,VIP / Giá trị cao
13014,153,4,1434.08,374,31.175652173913043,United Kingdom,2,Ngủ quên / cần kích hoạt lại
13015,129,3,979.37,467,16.885689655172413,United Kingdom,2,Ngủ quên / cần kích hoạt lại
13016,125,1,425.25,315,15.1875,United Kingdom,2,Ngủ quên / cần kích hoạt lại
13017,302,1,204.0,48,204.0,United Kingdom,3,Mới hoặc giá trị thấp
13018,91,8,2116.4,2098,14.697222222222223,United Kingdom,1,VIP / Giá trị cao
13021,128,3,952.83,449,21.174,United Kingdom,2,Ngủ quên / cần kích hoạt lại
13023,184,2,689.9,286,17.2475,United Kingdom,2,Ngủ quên / cần kích hoạt lại
13026,99,5,975.36,1620,24.384,United Kingdom,1,VIP / Giá trị cao
13027,157,2,1536.0,3840,256.0,United Kingdom,2,Ngủ quên / cần kích hoạt lại
13029,91,1,474.29999999999995,42,158.1,United Kingdom,3,Mới hoặc giá trị thấp
13030,547,1,427.74,204,7.1290000000000004,United Kingdom,3,Mới hoặc giá trị thấp
13034,578,1,165.86,116,15.07818181818182,United Kingdom,3,Mới hoặc giá trị thấp
13037,250,1,326.9,136,18.16111111111111,United Kingdom,3,Mới hoặc giá trị thấp
13038,96,1,196.66,94,28.094285714285714,United Kingdom,3,Mới hoặc giá trị thấp
13040,183,2,676.99,355,15.743953488372092,United Kingdom,2,Ngủ quên / cần kích hoạt lại
13043,38,1,516.42,254,39.72461538461538,United Kingdom,2,Ngủ quên / cần kích hoạt lại
13045,336,1,305.28000000000003,221,16.96,United Kingdom,3,Mới hoặc giá trị thấp
13046,91,1,431.59,188,20.551904761904762,United Kingdom,3,Mới hoặc giá trị thấp
13047,122,7,1697.41,798,19.072022471910113,United Kingdom,1,VIP / Giá trị cao
13049,184,1,502.90000000000003,190,71.84285714285714,United Kingdom,2,Ngủ quên / cần kích hoạt lại
13050,64,5,1911.92,1065,10.863181818181818,United Kingdom,1,VIP / Giá trị cao
13052,36,1,348.15000000000003,222,19.34166666666667,United Kingdom,3,Mới hoặc giá trị thấp
13055,67,1,344.86,252,15.675454545454546,United Kingdom,3,Mới hoặc giá trị thấp
13058,1,2,137.70000000000002,26,22.950000000000003,United Kingdom,0,Trung thành tiềm năng
13059,251,1,183.4,35,22.925,United Kingdom,3,Mới hoặc giá trị thấp
13062,339,1,346.98,343,31.543636363636367,United Kingdom,3,Mới hoặc giá trị thấp
13064,2,2,639.03,306,16.385384615384616,United Kingdom,0,Trung thành tiềm năng
13065,698,1,205.86,74,14.704285714285716,United Kingdom,3,Mới hoặc giá trị thấp
13066,153,1,151.81,136,5.421785714285714,United Kingdom,3,Mới hoặc giá trị thấp
13069,3,14,2825.74,4096,11.486747967479674,United Kingdom,1,VIP / Giá trị cao
13075,306,1,919.61,485,41.80045454545455,United Kingdom,2,Ngủ quên / cần kích hoạt lại
13077,120,2,465.55,559,7.38968253968254,United Kingdom,2,Ngủ quên / cần kích hoạt lại
13078,1,10,4629.86,1985,34.81097744360902,United Kingdom,1,VIP / Giá trị cao
13079,93,2,65.7,30,32.85,United Kingdom,3,Mới hoặc giá trị thấp
13081,61,6,17893.61,12282,28.49300955414013,United Kingdom,1,VIP / Giá trị cao
13082,217,3,1747.54,2398,97.08555555555556,United Kingdom,2,Ngủ quên / cần kích hoạt lại
13083,213,1,111.36,44,27.84,United Kingdom,3,Mới hoặc giá trị thấp
13085,218,1,137.98000000000002,44,15.331111111111113,United Kingdom,3,Mới hoặc giá trị thấp
13089,7,37,27867.5,14260,34.57506203473945,United Kingdom,1,VIP / Giá trị cao
13090,122,6,4099.54,1065,57.74,United Kingdom,1,VIP / Giá trị cao
13091,30,1,345.82,466,16.467619047619046,United Kingdom,2,Ngủ quên / cần kích hoạt lại
13092,6,2,151.0,38,18.875,United Kingdom,0,Trung thành tiềm năng
13093,99,4,3470.34,1946,39.88896551724138,United Kingdom,1,VIP / Giá trị cao
13094,39,8,1134.24,1032,81.01714285714286,United Kingdom,1,VIP / Giá trị cao
13097,94,3,1944.28,720,15.807154471544715,United Kingdom,2,Ngủ quên / cần kích hoạt lại
13098,34,17,19025.14,10426,54.51329512893982,United Kingdom,1,VIP / Giá trị cao
13099,335,1,207.35999999999999,288,207.35999999999999,United Kingdom,2,Ngủ quên / cần kích hoạt lại
13102,40,13,3843.97,2431,20.12549738219895,United Kingdom,1,VIP / Giá trị cao
13104,182,1,339.48,108,84.87,United Kingdom,3,Mới hoặc giá trị thấp
13107,71,1,566.84,468,26.992380952380955,United Kingdom,2,Ngủ quên / cần kích hoạt lại
13108,667,1,350.06,298,35.006,United Kingdom,3,Mới hoặc giá trị thấp
13109,31,2,786.54,520,16.734893617021275,United Kingdom,2,Ngủ quên / cần kích hoạt lại
13110,122,3,781.88,201,12.028923076923077,United Kingdom,2,Ngủ quên / cần kích hoạt lại
13113,6,11,4756.24,1142,60.205569620253165,United Kingdom,1,VIP / Giá trị cao
13115,1,2,1779.6200000000001,1229,18.34659793814433,United Kingdom,0,Trung thành tiềm năng
13117,64,5,664.71,501,13.2942,United Kingdom,2,Ngủ quên / cần kích hoạt lại
13122,185,1,18.72,48,18.72,United Kingdom,3,Mới hoặc giá trị thấp
13124,32,2,2610.01,1217,15.00005747126437,United Kingdom,2,Ngủ quên / cần kích hoạt lại
13126,69,5,1126.69,1079,14.632337662337664,United Kingdom,1,VIP / Giá trị cao
13130,185,1,64.0,32,32.0,United Kingdom,3,Mới hoặc giá trị thấp
13131,219,1,324.9,128,23.207142857142856,United Kingdom,3,Mới hoặc giá trị thấp
13133,38,2,109.8,32,15.685714285714285,United Kingdom,3,Mới hoặc giá trị thấp
13134,96,1,360.04,162,17.144761904761907,United Kingdom,3,Mới hoặc giá trị thấp
13136,36,1,574.46,276,19.148666666666667,United Kingdom,2,Ngủ quên / cần kích hoạt lại
13137,30,4,2019.3,1241,6.290654205607477,United Kingdom,1,VIP / Giá trị cao
13138,667,1,193.23,125,13.802142857142856,United Kingdom,3,Mới hoặc giá trị thấp
13139,128,3,1887.38,650,27.353333333333335,United Kingdom,2,Ngủ quên / cần kích hoạt lại
13140,486,1,159.51,75,9.969375,United Kingdom,3,Mới hoặc giá trị thấp
13141,97,1,360.18,347,12.86357142857143,United Kingdom,3,Mới hoặc giá trị thấp
13144,40,1,110.95,21,36.983333333333334,United Kingdom,3,Mới hoặc giá trị thấp
13145,93,3,499.72,121,99.944,United Kingdom,2,Ngủ quên / cần kích hoạt lại
13147,91,2,356.40000000000003,72,178.20000000000002,United Kingdom,2,Ngủ quên / cần kích hoạt lại
13148,61,5,1698.09,1055,11.792291666666666,United Kingdom,1,VIP / Giá trị cao
13153,243,1,486.22,418,32.41466666666667,United Kingdom,2,Ngủ quên / cần kích hoạt lại
13155,183,2,468.96,220,8.08551724137931,United Kingdom,2,Ngủ quên / cần kích hoạt lại
13157,7,1,300.12,284,21.437142857142856,United Kingdom,0,Trung thành tiềm năng
13158,3,3,944.65,649,15.744166666666667,United Kingdom,0,Trung thành tiềm năng
13159,333,1,282.56,252,12.285217391304348,United Kingdom,3,Mới hoặc giá trị thấp
13162,94,3,1139.86,1260,19.99754385964912,United Kingdom,2,Ngủ quên / cần kích hoạt lại
13166,342,1,417.2,216,10.175609756097561,United Kingdom,3,Mới hoặc giá trị thấp
13167,276,2,416.76,326,10.164878048780487,United Kingdom,2,Ngủ quên / cần kích hoạt lại
13168,275,1,346.53000000000003,125,18.23842105263158,United Kingdom,3,Mới hoặc giá trị thấp
13169,154,2,712.88,272,54.83692307692308,United Kingdom,2,Ngủ quên / cần kích hoạt lại
13173,213,2,353.65,277,8.224418604651163,United Kingdom,3,Mới hoặc giá trị thấp
13174,578,1,1415.97,700,8.378520710059172,United Kingdom,2,Ngủ quên / cần kích hoạt lại
13177,184,1,282.45,91,16.61470588235294,United Kingdom,3,Mới hoặc giá trị thấp
13178,97,3,1465.06,935,19.026753246753245,United Kingdom,2,Ngủ quên / cần kích hoạt lại
13183,101,4,1799.42,970,43.88829268292683,United Kingdom,2,Ngủ quên / cần kích hoạt lại
13184,34,5,845.53,857,8.54070707070707,United Kingdom,1,VIP / Giá trị cao
13186,155,2,1301.94,547,20.665714285714287,United Kingdom,2,Ngủ quên / cần kích hoạt lại
13187,192,1,236.02,95,6.378918918918919,United Kingdom,3,Mới hoặc giá trị thấp
13192,216,1,447.62,297,14.920666666666667,United Kingdom,3,Mới hoặc giá trị thấp
13193,92,1,117.88,50,4.0648275862068965,United Kingdom,3,Mới hoặc giá trị thấp
13198,33,3,1824.44,1524,14.47968253968254,United Kingdom,1,VIP / Giá trị cao
13199,122,13,2863.76,2493,75.3621052631579,United Kingdom,1,VIP / Giá trị cao
13200,217,1,319.32,249,22.80857142857143,United Kingdom,3,Mới hoặc giá trị thấp
13203,33,2,309.86,274,15.493,United Kingdom,2,Ngủ quên / cần kích hoạt lại
13207,4,1,197.52000000000004,72,39.504000000000005,United Kingdom,0,Trung thành tiềm năng
13208,1,4,692.14,476,8.544938271604938,United Kingdom,0,Trung thành tiềm năng
13209,91,4,2330.79,1522,19.10483606557377,United Kingdom,1,VIP / Giá trị cao
13210,155,1,353.48,316,16.067272727272726,United Kingdom,3,Mới hoặc giá trị thấp
13211,215,1,775.94,573,17.635,United Kingdom,2,Ngủ quên / cần kích hoạt lại
13212,92,2,291.47,95,5.204821428571429,United Kingdom,3,Mới hoặc giá trị thấp
13213,96,2,548.6,272,19.592857142857145,United Kingdom,2,Ngủ quên / cần kích hoạt lại
13217,94,2,137.02,118,68.51,United Kingdom,3,Mới hoặc giá trị thấp
13218,247,1,62.63999999999999,88,12.527999999999999,United Kingdom,3,Mới hoặc giá trị thấp
13220,158,2,643.09,120,40.193125,United Kingdom,2,Ngủ quên / cần kích hoạt lại
13224,34,2,2155.95,1518,19.9625,United Kingdom,2,Ngủ quên / cần kích hoạt lại
13225,62,3,3428.0,1696,180.42105263157896,United Kingdom,1,VIP / Giá trị cao
13226,38,1,108.21000000000001,80,6.7631250000000005,United Kingdom,3,Mới hoặc giá trị thấp
13230,60,7,1567.12,956,4.01825641025641,United Kingdom,1,VIP / Giá trị cao
13232,5,3,473.83,358,6.867101449275362,United Kingdom,0,Trung thành tiềm năng
13233,163,1,304.24,404,17.896470588235296,United Kingdom,3,Mới hoặc giá trị thấp
13235,36,1,1031.07,441,17.77706896551724,United Kingdom,2,Ngủ quên / cần kích hoạt lại
13240,246,2,334.11,188,9.280833333333334,United Kingdom,3,Mới hoặc giá trị thấp
13242,67,2,104.0,50,20.8,United Kingdom,3,Mới hoặc giá trị thấp
13244,124,1,121.74000000000001,38,4.508888888888889,United Kingdom,3,Mới hoặc giá trị thấp
13248,156,2,465.68,305,17.91076923076923,United Kingdom,2,Ngủ quên / cần kích hoạt lại
13249,124,2,419.57000000000005,306,19.979523809523812,United Kingdom,2,Ngủ quên / cần kích hoạt lại
13253,187,2,1030.4,1572,28.622222222222224,United Kingdom,2,Ngủ quên / cần kích hoạt lại
13255,698,1,225.7,110,37.61666666666667,United Kingdom,3,Mới hoặc giá trị thấp
13259,92,1,292.32,132,3.36,United Kingdom,3,Mới hoặc giá trị thấp
13260,92,1,557.62,142,69.7025,United Kingdom,2,Ngủ quên / cần kích hoạt lại
13263,6,13,2727.1,1494,4.622203389830508,United Kingdom,1,VIP / Giá trị cao
13265,2,4,1802.3,1352,24.030666666666665,United Kingdom,0,Trung thành tiềm năng
13266,61,5,1601.99,1935,22.885571428571428,United Kingdom,1,VIP / Giá trị cao
13267,10,11,2592.29,1147,19.940692307692306,United Kingdom,1,VIP / Giá trị cao
13268,7,3,843.88,850,6.974214876033058,United Kingdom,0,Trung thành tiềm năng
13269,2,8,2941.9900000000002,1870,15.164896907216496,United Kingdom,1,VIP / Giá trị cao
13270,486,1,590.0,200,590.0,United Kingdom,2,Ngủ quên / cần kích hoạt lại
13271,303,1,217.38,253,2.264375,United Kingdom,3,Mới hoặc giá trị thấp
13272,32,2,276.56,96,18.437333333333335,United Kingdom,3,Mới hoặc giá trị thấp
13276,154,2,590.9300000000001,161,19.69766666666667,United Kingdom,2,Ngủ quên / cần kích hoạt lại
13280,94,2,422.85,179,9.610227272727274,United Kingdom,3,Mới hoặc giá trị thấp
13282,281,1,344.70000000000005,84,24.621428571428574,United Kingdom,3,Mới hoặc giá trị thấp
13283,31,2,93.66,90,13.379999999999999,United Kingdom,3,Mới hoặc giá trị thấp
13285,338,1,796.83,540,14.487818181818183,United Kingdom,2,Ngủ quên / cần kích hoạt lại
13291,157,1,361.11,233,8.597857142857142,United Kingdom,3,Mới hoặc giá trị thấp
13292,334,1,329.37,214,19.37470588235294,United Kingdom,3,Mới hoặc giá trị thấp
13294,251,2,873.74,453,16.18037037037037,United Kingdom,2,Ngủ quên / cần kích hoạt lại
13297,276,2,1638.8999999999999,742,34.14375,United Kingdom,2,Ngủ quên / cần kích hoạt lại
13298,121,1,360.0,96,180.0,United Kingdom,3,Mới hoặc giá trị thấp
13301,248,2,306.99,175,6.822,United Kingdom,3,Mới hoặc giá trị thấp
13302,156,1,63.75,5,63.75,United Kingdom,3,Mới hoặc giá trị thấp
13305,38,6,1086.21,735,24.68659090909091,United Kingdom,1,VIP / Giá trị cao
13307,33,1,15.0,4,15.0,United Kingdom,3,Mới hoặc giá trị thấp
13309,2,3,1007.09,1045,13.427866666666667,United Kingdom,0,Trung thành tiềm năng
13310,29,1,314.38,192,15.719,United Kingdom,3,Mới hoặc giá trị thấp
13311,4,2,598.57,305,23.02192307692308,United Kingdom,0,Trung thành tiềm năng
13313,128,3,934.04,505,19.459166666666665,United Kingdom,2,Ngủ quên / cần kích hoạt lại
13314,121,2,276.32,204,12.56,United Kingdom,3,Mới hoặc giá trị thấp
13316,303,1,1514.17,744,89.06882352941177,United Kingdom,2,Ngủ quên / cần kích hoạt lại
13317,245,1,959.7,535,17.1375,United Kingdom,2,Ngủ quên / cần kích hoạt lại
13318,120,3,640.76,304,32.038,United Kingdom,2,Ngủ quên / cần kích hoạt lại
13319,61,15,6712.74,2857,23.80404255319149,United Kingdom,1,VIP / Giá trị cao
13320,67,2,508.61,426,14.128055555555555,United Kingdom,2,Ngủ quên / cần kích hoạt lại
13323,153,3,530.25,119,44.1875,United Kingdom,2,Ngủ quên / cần kích hoạt lại
13324,32,5,4649.83,3829,91.17313725490196,United Kingdom,1,VIP / Giá trị cao
13327,158,4,2084.42,916,34.74033333333333,United Kingdom,2,Ngủ quên / cần kích hoạt lại
13329,122,2,789.0,463,46.411764705882355,United Kingdom,2,Ngủ quên / cần kích hoạt lại
13330,124,2,805.11,553,20.12775,United Kingdom,2,Ngủ quên / cần kích hoạt lại
13334,162,2,2731.84,1350,12.706232558139536,United Kingdom,2,Ngủ quên / cần kích hoạt lại
13338,218,1,487.02,256,25.632631578947368,United Kingdom,2,Ngủ quên / cần kích hoạt lại
13340,130,1,3678.03,1605,72.11823529411765,United Kingdom,2,Ngủ quên / cần kích hoạt lại
13344,161,3,2543.72,971,21.37579831932773,United Kingdom,2,Ngủ quên / cần kích hoạt lại
13348,183,1,233.76,136,16.697142857142858,United Kingdom,3,Mới hoặc giá trị thấp
13351,245,1,373.94,117,23.37125,United Kingdom,3,Mới hoặc giá trị thấp
13352,62,1,397.97999999999996,321,16.5825,United Kingdom,2,Ngủ quên / cần kích hoạt lại
13355,94,1,674.7,314,21.084375,United Kingdom,2,Ngủ quên / cần kích hoạt lại
13359,154,1,439.56,161,19.11130434782609,United Kingdom,3,Mới hoặc giá trị thấp
13362,129,1,768.83,391,18.751951219512197,United Kingdom,2,Ngủ quên / cần kích hoạt lại
13365,183,2,2225.37,1247,17.385703125,United Kingdom,2,Ngủ quên / cần kích hoạt lại
13368,193,1,35.400000000000006,12,35.400000000000006,United Kingdom,3,Mới hoặc giá trị thấp
13369,455,1,308.28000000000003,149,22.020000000000003,United Kingdom,3,Mới hoặc giá trị thấp
13370,639,1,754.87,343,19.355641025641027,United Kingdom,2,Ngủ quên / cần kích hoạt lại
13372,32,1,378.64,159,16.46260869565217,United Kingdom,3,Mới hoặc giá trị thấp
13373,62,3,3312.25,1651,20.963607594936708,United Kingdom,1,VIP / Giá trị cao
13375,2,1,778.65,442,21.044594594594592,United Kingdom,0,Trung thành tiềm năng
13376,336,1,249.76,137,17.84,United Kingdom,3,Mới hoặc giá trị thấp
13379,304,1,299.53,309,6.656222222222222,United Kingdom,3,Mới hoặc giá trị thấp
13381,32,2,1177.98,778,21.035357142857144,United Kingdom,2,Ngủ quên / cần kích hoạt lại
13382,252,1,222.99,131,14.866000000000001,United Kingdom,3,Mới hoặc giá trị thấp
13384,91,2,1305.44,943,30.359069767441863,United Kingdom,2,Ngủ quên / cần kích hoạt lại
13394,34,4,1218.27,1085,18.458636363636362,United Kingdom,1,VIP / Giá trị cao
13395,158,1,307.72,336,14.653333333333334,United Kingdom,3,Mới hoặc giá trị thấp
13396,61,1,973.72,461,34.77571428571429,United Kingdom,2,Ngủ quên / cần kích hoạt lại
13397,96,2,678.62,197,33.931,United Kingdom,2,Ngủ quên / cần kích hoạt lại
13402,247,2,621.23,479,15.92897435897436,United Kingdom,2,Ngủ quên / cần kích hoạt lại
13404,36,2,252.49,111,22.953636363636363,United Kingdom,3,Mới hoặc giá trị thấp
13408,4,22,10221.25,6000,62.70705521472393,United Kingdom,1,VIP / Giá trị cao
13410,219,1,140.4,72,70.2,United Kingdom,3,Mới hoặc giá trị thấp
13414,218,1,467.7,606,155.9,United Kingdom,2,Ngủ quên / cần kích hoạt lại
13417,213,1,404.83,90,22.490555555555556,United Kingdom,3,Mới hoặc giá trị thấp
13418,36,11,3642.99,2555,19.585967741935484,United Kingdom,1,VIP / Giá trị cao
13419,154,1,221.06,275,13.81625,United Kingdom,3,Mới hoặc giá trị thấp
13422,184,1,2626.3,1326,20.67952755905512,United Kingdom,2,Ngủ quên / cần kích hoạt lại
13426,32,5,2017.32,1239,25.2165,United Kingdom,1,VIP / Giá trị cao
13427,33,2,464.86,431,20.211304347826086,United Kingdom,2,Ngủ quên / cần kích hoạt lại
13429,62,1,165.72,244,13.81,United Kingdom,3,Mới hoặc giá trị thấp
13431,2,2,1269.1,672,27.589130434782607,United Kingdom,0,Trung thành tiềm năng
13434,246,1,72.84,60,14.568000000000001,United Kingdom,3,Mới hoặc giá trị thấp
13435,217,3,1137.28,908,25.847272727272728,United Kingdom,2,Ngủ quên / cần kích hoạt lại
13436,121,1,196.89,76,16.4075,United Kingdom,3,Mới hoặc giá trị thấp
13437,122,4,2374.81,842,18.128320610687023,United Kingdom,2,Ngủ quên / cần kích hoạt lại
13441,93,1,296.64,204,22.818461538461538,United Kingdom,3,Mới hoặc giá trị thấp
13447,183,2,654.01,349,17.210789473684212,United Kingdom,2,Ngủ quên / cần kích hoạt lại
13448,220,4,1423.26,720,20.045915492957747,United Kingdom,2,Ngủ quên / cần kích hoạt lại
13450,32,4,1289.34,1196,26.313061224489793,United Kingdom,1,VIP / Giá trị cao
13451,5,3,1852.51,1335,6.990603773584906,United Kingdom,0,Trung thành tiềm năng
13455,486,1,692.94,190,23.098000000000003,United Kingdom,3,Mới hoặc giá trị thấp
13456,154,2,884.7600000000001,355,34.02923076923077,United Kingdom,2,Ngủ quên / cần kích hoạt lại
13458,7,8,5803.16,3547,24.694297872340425,United Kingdom,1,VIP / Giá trị cao
13460,61,1,75.98,89,12.663333333333334,United Kingdom,3,Mới hoặc giá trị thấp
13461,334,1,560.8,334,56.08,United Kingdom,2,Ngủ quên / cần kích hoạt lại
13462,341,1,151.5,62,16.833333333333332,United Kingdom,3,Mới hoặc giá trị thấp
13464,1,1,674.68,403,16.45560975609756,United Kingdom,0,Trung thành tiềm năng
13466,127,1,307.9,259,18.11176470588235,United Kingdom,3,Mới hoặc giá trị thấp
13467,275,1,782.46,426,9.904556962025318,United Kingdom,2,Ngủ quên / cần kích hoạt lại
13468,1,21,3397.3,1653,19.085955056179778,United Kingdom,1,VIP / Giá trị cao
13470,336,1,49.5,30,16.5,United Kingdom,3,Mới hoặc giá trị thấp
13471,121,2,985.1800000000001,580,6.88937062937063,United Kingdom,2,Ngủ quên / cần kích hoạt lại
13473,40,2,422.64,266,20.125714285714285,United Kingdom,2,Ngủ quên / cần kích hoạt lại
13475,189,2,525.26,386,16.943870967741937,United Kingdom,2,Ngủ quên / cần kích hoạt lại
13476,283,1,727.6,164,25.089655172413792,United Kingdom,2,Ngủ quên / cần kích hoạt lại
13477,6,2,421.59,195,22.18894736842105,United Kingdom,0,Trung thành tiềm năng
13483,215,1,140.34,160,14.034,United Kingdom,3,Mới hoặc giá trị thấp
13484,7,1,313.8,44,39.225,United Kingdom,0,Trung thành tiềm năng
13486,157,2,819.61,529,15.76173076923077,United Kingdom,2,Ngủ quên / cần kích hoạt lại
13487,67,1,215.65,128,16.588461538461537,United Kingdom,3,Mới hoặc giá trị thấp
13488,10,4,4038.12,1894,22.686067415730335,United Kingdom,1,VIP / Giá trị cao
13489,218,1,51.36,40,12.84,United Kingdom,3,Mới hoặc giá trị thấp
13491,40,5,655.48,609,13.377142857142857,United Kingdom,2,Ngủ quên / cần kích hoạt lại
13492,97,2,676.1,266,24.146428571428572,Switzerland,2,Ngủ quên / cần kích hoạt lại
13493,99,1,439.28,314,109.82,Switzerland,2,Ngủ quên / cần kích hoạt lại
13494,343,1,316.26000000000005,162,17.570000000000004,United Kingdom,3,Mới hoặc giá trị thấp
13495,244,3,1483.39,553,43.62911764705883,United Kingdom,2,Ngủ quên / cần kích hoạt lại
13497,311,2,348.05,163,18.318421052631578,United Kingdom,3,Mới hoặc giá trị thấp
13499,61,1,323.62,578,40.4525,United Kingdom,2,Ngủ quên / cần kích hoạt lại
13500,94,2,668.8,320,17.599999999999998,United Kingdom,2,Ngủ quên / cần kích hoạt lại
13502,69,1,74.56,50,14.912,United Kingdom,3,Mới hoặc giá trị thấp
13504,184,1,295.93,178,13.451363636363636,United Kingdom,3,Mới hoặc giá trị thấp
13506,578,1,301.12,232,17.71294117647059,United Kingdom,3,Mới hoặc giá trị thấp
13507,182,2,842.69,557,15.605370370370371,United Kingdom,2,Ngủ quên / cần kích hoạt lại
13508,68,1,110.97,24,9.2475,United Kingdom,3,Mới hoặc giá trị thấp
13509,38,3,265.3,287,33.1625,United Kingdom,2,Ngủ quên / cần kích hoạt lại
13510,96,3,1239.67,997,15.117926829268294,United Kingdom,2,Ngủ quên / cần kích hoạt lại
13513,217,1,205.1,109,20.509999999999998,United Kingdom,3,Mới hoặc giá trị thấp
13515,190,1,203.4,180,15.646153846153847,United Kingdom,3,Mới hoặc giá trị thấp
13517,31,1,516.24,388,15.643636363636364,United Kingdom,2,Ngủ quên / cần kích hoạt lại
13520,1,3,1592.45,692,37.03372093023256,Switzerland,0,Trung thành tiềm năng
13521,121,2,805.77,556,2.599258064516129,United Kingdom,2,Ngủ quên / cần kích hoạt lại
13522,91,1,125.80000000000001,44,25.160000000000004,United Kingdom,3,Mới hoặc giá trị thấp
13523,183,2,1545.79,893,20.075194805194805,United Kingdom,2,Ngủ quên / cần kích hoạt lại
13524,250,1,159.20000000000002,100,17.68888888888889,United Kingdom,3,Mới hoặc giá trị thấp
13525,221,1,282.88,208,141.44,United Kingdom,2,Ngủ quên / cần kích hoạt lại
13527,32,3,921.09,402,9.904193548387097,United Kingdom,2,Ngủ quên / cần kích hoạt lại
13531,486,1,305.45,103,20.363333333333333,United Kingdom,3,Mới hoặc giá trị thấp
13532,183,1,210.31,129,3.1865151515151515,United Kingdom,3,Mới hoặc giá trị thấp
13533,66,1,124.14999999999999,97,3.7621212121212118,United Kingdom,3,Mới hoặc giá trị thấp
13534,131,7,1746.18,856,22.10354430379747,United Kingdom,1,VIP / Giá trị cao
13536,121,2,1009.0,395,21.46808510638298,United Kingdom,2,Ngủ quên / cần kích hoạt lại
13538,33,4,728.55,101,52.03928571428571,United Kingdom,2,Ngủ quên / cần kích hoạt lại
13539,284,1,164.1,134,14.918181818181818,United Kingdom,3,Mới hoặc giá trị thấp
13548,68,2,682.41,441,5.503306451612903,United Kingdom,2,Ngủ quên / cần kích hoạt lại
13549,4,3,370.2,212,16.827272727272728,United Kingdom,0,Trung thành tiềm năng
13552,125,3,909.34,419,30.311333333333334,United Kingdom,2,Ngủ quên / cần kích hoạt lại
13557,30,2,584.06,546,17.178235294117645,United Kingdom,2,Ngủ quên / cần kích hoạt lại
13558,92,3,445.93,262,3.511259842519685,United Kingdom,2,Ngủ quên / cần kích hoạt lại
13560,302,1,174.37,64,5.283939393939394,United Kingdom,3,Mới hoặc giá trị thấp
13561,128,1,141.85999999999999,83,10.132857142857143,United Kingdom,3,Mới hoặc giá trị thấp
13562,129,1,603.27,233,25.13625,United Kingdom,2,Ngủ quên / cần kích hoạt lại
13564,546,1,540.0,256,13.170731707317072,United Kingdom,3,Mới hoặc giá trị thấp
13565,101,1,110.17999999999999,78,8.475384615384614,United Kingdom,3,Mới hoặc giá trị thấp
13569,517,1,118.32,44,4.93,United Kingdom,3,Mới hoặc giá trị thấp
13570,68,1,239.49,161,8.870000000000001,United Kingdom,3,Mới hoặc giá trị thấp
13571,124,5,983.75,829,5.786764705882353,United Kingdom,2,Ngủ quên / cần kích hoạt lại
13575,1,1,147.41,115,14.741,United Kingdom,0,Trung thành tiềm năng
13576,61,8,3233.78,1195,55.7548275862069,United Kingdom,1,VIP / Giá trị cao
13577,7,2,728.45,391,17.76707317073171,United Kingdom,0,Trung thành tiềm năng
13579,578,1,164.70000000000002,46,18.3,United Kingdom,3,Mới hoặc giá trị thấp
13581,284,1,118.0,30,11.8,United Kingdom,3,Mới hoặc giá trị thấp
13583,157,1,781.03,725,14.736415094339621,United Kingdom,2,Ngủ quên / cần kích hoạt lại
13584,192,1,142.4,37,5.933333333333334,United Kingdom,3,Mới hoặc giá trị thấp
13587,154,1,712.4,180,89.05,United Kingdom,2,Ngủ quên / cần kích hoạt lại
13588,30,4,1043.85,1163,14.299315068493149,United Kingdom,1,VIP / Giá trị cao
13590,4,2,513.41,355,20.5364,United Kingdom,0,Trung thành tiềm năng
13591,184,1,340.9,222,17.044999999999998,United Kingdom,3,Mới hoặc giá trị thấp
13592,67,2,138.39,51,15.376666666666665,United Kingdom,3,Mới hoặc giá trị thấp
13593,163,1,559.85,199,14.355128205128207,United Kingdom,3,Mới hoặc giá trị thấp
13596,243,1,285.44,192,15.857777777777777,United Kingdom,3,Mới hoặc giá trị thấp
13599,7,11,3283.43,2191,18.76245714285714,United Kingdom,1,VIP / Giá trị cao
13601,6,1,373.2,275,8.885714285714286,United Kingdom,0,Trung thành tiềm năng
13602,184,1,428.89,267,18.647391304347824,United Kingdom,3,Mới hoặc giá trị thấp
13606,60,3,280.53999999999996,279,6.524186046511627,United Kingdom,2,Ngủ quên / cần kích hoạt lại
13610,68,2,235.2,118,4.8,United Kingdom,3,Mới hoặc giá trị thấp
13611,32,1,535.08,346,12.74,United Kingdom,2,Ngủ quên / cần kích hoạt lại
13614,32,1,302.15,67,17.773529411764706,United Kingdom,3,Mới hoặc giá trị thấp
13617,5,1,131.10999999999999,113,10.085384615384614,United Kingdom,0,Trung thành tiềm năng
13623,91,2,342.84999999999997,163,12.698148148148148,United Kingdom,3,Mới hoặc giá trị thấp
13626,341,1,257.23,209,13.53842105263158,United Kingdom,3,Mới hoặc giá trị thấp
13627,31,1,304.29,259,43.470000000000006,United Kingdom,2,Ngủ quên / cần kích hoạt lại
13629,91,5,3604.0,2050,189.68421052631578,United Kingdom,1,VIP / Giá trị cao
13630,127,3,984.6999999999999,691,21.88222222222222,United Kingdom,2,Ngủ quên / cần kích hoạt lại
13631,336,1,52.5,7,52.5,United Kingdom,3,Mới hoặc giá trị thấp
13632,68,1,261.58,98,6.38,United Kingdom,3,Mới hoặc giá trị thấp
13634,37,2,466.29,248,6.95955223880597,United Kingdom,2,Ngủ quên / cần kích hoạt lại
13635,276,1,1071.03,677,17.274677419354838,United Kingdom,2,Ngủ quên / cần kích hoạt lại
13636,94,3,657.27,442,14.937954545454545,United Kingdom,2,Ngủ quên / cần kích hoạt lại
13637,219,1,262.25,139,9.043103448275861,United Kingdom,3,Mới hoặc giá trị thấp
13642,128,1,354.8,173,5.375757575757576,United Kingdom,3,Mới hoặc giá trị thấp
13643,122,3,519.44,273,18.551428571428573,United Kingdom,2,Ngủ quên / cần kích hoạt lại
13645,33,1,252.1,158,50.42,United Kingdom,3,Mới hoặc giá trị thấp
13649,486,1,197.8,67,13.186666666666667,United Kingdom,3,Mới hoặc giá trị thấp
13650,2,3,792.58,508,18.432093023255813,United Kingdom,0,Trung thành tiềm năng
13651,244,1,15.0,1,15.0,United Kingdom,3,Mới hoặc giá trị thấp
13652,547,1,308.8,112,17.155555555555555,United Kingdom,3,Mới hoặc giá trị thấp
13654,37,2,798.24,533,16.63,United Kingdom,2,Ngủ quên / cần kích hoạt lại
13655,7,1,383.65,115,18.26904761904762,United Kingdom,0,Trung thành tiềm năng
13656,193,1,162.70000000000002,113,5.248387096774194,United Kingdom,3,Mới hoặc giá trị thấp
13662,36,1,305.24,188,16.95777777777778,United Kingdom,3,Mới hoặc giá trị thấp
13666,62,1,20.6,4,5.15,United Kingdom,3,Mới hoặc giá trị thấp
13668,37,9,2249.39,1227,12.927528735632183,United Kingdom,1,VIP / Giá trị cao
13672,39,2,186.39000000000001,57,31.065,United Kingdom,3,Mới hoặc giá trị thấp
13673,153,1,213.6,55,5.209756097560976,United Kingdom,3,Mới hoặc giá trị thấp
13675,34,1,178.38000000000002,126,17.838,United Kingdom,3,Mới hoặc giá trị thấp
13678,34,1,232.6,924,14.5375,United Kingdom,2,Ngủ quên / cần kích hoạt lại
13680,121,3,3029.9700000000003,1519,22.781729323308273,United Kingdom,2,Ngủ quên / cần kích hoạt lại
13681,157,2,531.08,248,16.093333333333334,United Kingdom,2,Ngủ quên / cần kích hoạt lại
13682,219,1,59.5,10,19.833333333333332,United Kingdom,3,Mới hoặc giá trị thấp
13685,62,5,2519.15,3519,104.96458333333334,United Kingdom,1,VIP / Giá trị cao
13686,66,1,72.0,70,9.0,United Kingdom,3,Mới hoặc giá trị thấp
13689,154,1,910.0,512,151.66666666666666,United Kingdom,2,Ngủ quên / cần kích hoạt lại
13690,31,1,172.25,67,19.13888888888889,United Kingdom,3,Mới hoặc giá trị thấp
13692,67,1,14.95,1,14.95,United Kingdom,3,Mới hoặc giá trị thấp
13694,67,18,19940.56,24894,108.9648087431694,United Kingdom,1,VIP / Giá trị cao
13695,3,9,1724.47,1119,27.81403225806452,United Kingdom,1,VIP / Giá trị cao
13697,334,1,151.29999999999998,177,12.608333333333333,United Kingdom,3,Mới hoặc giá trị thấp
13699,157,1,308.58000000000004,66,22.041428571428575,United Kingdom,3,Mới hoặc giá trị thấp
13700,7,3,719.98,839,8.47035294117647,United Kingdom,0,Trung thành tiềm năng
13704,1,3,650.53,390,16.68025641025641,United Kingdom,0,Trung thành tiềm năng
13705,302,2,507.32,229,29.842352941176472,United Kingdom,2,Ngủ quên / cần kích hoạt lại
13706,70,1,330.79,189,16.5395,United Kingdom,3,Mới hoặc giá trị thấp
13709,182,8,3079.64,1509,18.00959064327485,United Kingdom,1,VIP / Giá trị cao
13710,122,1,180.48,176,22.56,United Kingdom,3,Mới hoặc giá trị thấp
13711,220,2,252.06,140,19.38923076923077,United Kingdom,3,Mới hoặc giá trị thấp
13712,160,1,228.84,352,22.884,United Kingdom,3,Mới hoặc giá trị thấp
13715,224,5,1079.34,563,10.279428571428571,United Kingdom,2,Ngủ quên / cần kích hoạt lại
13717,153,2,389.25,551,13.422413793103448,United Kingdom,2,Ngủ quên / cần kích hoạt lại
13718,160,1,192.5,38,38.5,United Kingdom,3,Mới hoặc giá trị thấp
13719,183,1,330.79,264,16.5395,United Kingdom,3,Mới hoặc giá trị thấp
13721,275,1,524.14,316,18.719285714285714,United Kingdom,2,Ngủ quên / cần kích hoạt lại
13722,311,1,1463.47,958,31.814565217391305,United Kingdom,2,Ngủ quên / cần kích hoạt lại
13723,189,1,199.85000000000002,43,33.30833333333334,United Kingdom,3,Mới hoặc giá trị thấp
13725,162,2,1168.63,369,20.868392857142858,United Kingdom,2,Ngủ quên / cần kích hoạt lại
13726,334,1,786.98,670,41.42,United Kingdom,2,Ngủ quên / cần kích hoạt lại
13727,30,2,333.48,162,16.674,United Kingdom,2,Ngủ quên / cần kích hoạt lại
13728,275,2,377.7,142,17.168181818181818,United Kingdom,3,Mới hoặc giá trị thấp
13730,338,1,306.75,239,13.943181818181818,United Kingdom,3,Mới hoặc giá trị thấp
13731,160,2,610.59,278,16.068157894736842,United Kingdom,2,Ngủ quên / cần kích hoạt lại
13732,30,1,491.86,498,14.904848484848486,United Kingdom,2,Ngủ quên / cần kích hoạt lại
13736,243,1,374.37,269,3.255391304347826,United Kingdom,3,Mới hoặc giá trị thấp
13741,96,2,363.13,143,18.1565,United Kingdom,3,Mới hoặc giá trị thấp
13742,32,5,954.87,232,19.893125,United Kingdom,2,Ngủ quên / cần kích hoạt lại
13743,2,4,916.68,1188,36.6672,United Kingdom,0,Trung thành tiềm năng
13744,216,1,263.2,254,13.852631578947367,United Kingdom,3,Mới hoặc giá trị thấp
13747,698,1,79.6,8,79.6,United Kingdom,3,Mới hoặc giá trị thấp
13748,160,4,800.8,380,33.36666666666667,United Kingdom,2,Ngủ quên / cần kích hoạt lại
13750,163,1,325.44,96,325.44,United Kingdom,3,Mới hoặc giá trị thấp
13752,97,5,887.2900000000001,646,17.397843137254903,United Kingdom,2,Ngủ quên / cần kích hoạt lại
13754,34,1,126.6,132,31.65,United Kingdom,3,Mới hoặc giá trị thấp
13755,154,3,759.66,347,5.387659574468085,United Kingdom,2,Ngủ quên / cần kích hoạt lại
13756,62,8,3326.6400000000003,2374,39.60285714285715,United Kingdom,1,VIP / Giá trị cao
13758,101,5,1784.37,819,30.243559322033896,United Kingdom,1,VIP / Giá trị cao
13759,183,1,99.0,20,99.0,United Kingdom,3,Mới hoặc giá trị thấp
13762,220,1,306.72,272,43.81714285714286,United Kingdom,3,Mới hoặc giá trị thấp
13763,154,1,1714.96,728,114.33066666666667,United Kingdom,2,Ngủ quên / cần kích hoạt lại
13764,193,1,499.89,282,7.244782608695652,United Kingdom,3,Mới hoặc giá trị thấp
13767,34,17,8407.1,3654,46.96703910614525,United Kingdom,1,VIP / Giá trị cao
13769,94,6,1670.8000000000002,672,22.578378378378382,United Kingdom,1,VIP / Giá trị cao
13771,184,3,2041.2,1246,20.82857142857143,United Kingdom,2,Ngủ quên / cần kích hoạt lại
13772,183,2,903.71,460,6.409290780141844,United Kingdom,2,Ngủ quên / cần kích hoạt lại
13777,90,18,12215.31,6043,135.72566666666665,United Kingdom,1,VIP / Giá trị cao
13780,302,1,243.73000000000002,145,5.077708333333334,United Kingdom,3,Mới hoặc giá trị thấp
13781,282,1,127.84,30,7.5200000000000005,United Kingdom,3,Mới hoặc giá trị thấp
13782,156,2,269.14,61,7.915882352941176,United Kingdom,3,Mới hoặc giá trị thấp
13784,40,6,1123.47,1693,66.0864705882353,United Kingdom,1,VIP / Giá trị cao
13786,517,1,230.39999999999998,136,32.91428571428571,United Kingdom,3,Mới hoặc giá trị thấp
13787,425,1,106.4,56,15.200000000000001,United Kingdom,3,Mới hoặc giá trị thấp
13790,213,1,348.8,748,7.751111111111111,United Kingdom,2,Ngủ quên / cần kích hoạt lại
13791,247,1,579.0,500,144.75,United Kingdom,2,Ngủ quên / cần kích hoạt lại
13792,245,1,120.95,64,13.43888888888889,United Kingdom,3,Mới hoặc giá trị thấp
13798,2,29,21790.46,14552,109.49979899497487,United Kingdom,1,VIP / Giá trị cao
13800,284,1,558.32,331,16.91878787878788,United Kingdom,2,Ngủ quên / cần kích hoạt lại
13801,245,1,324.8,168,14.121739130434783,United Kingdom,3,Mới hoặc giá trị thấp
13802,343,1,969.74,690,48.487,United Kingdom,2,Ngủ quên / cần kích hoạt lại
13804,91,4,862.25,495,20.052325581395348,United Kingdom,2,Ngủ quên / cần kích hoạt lại
13805,306,1,500.24,728,83.37333333333333,United Kingdom,2,Ngủ quên / cần kích hoạt lại
13806,154,1,256.38,56,25.637999999999998,United Kingdom,3,Mới hoặc giá trị thấp
13807,517,1,112.6,36,16.085714285714285,United Kingdom,3,Mới hoặc giá trị thấp
13808,155,4,1591.56,692,24.114545454545453,United Kingdom,2,Ngủ quên / cần kích hoạt lại
13809,162,1,155.05,29,12.920833333333334,Cyprus,3,Mới hoặc giá trị thấp
13810,30,1,246.01,132,17.572142857142858,Germany,3,Mới hoặc giá trị thấp
13811,96,1,333.0,38,55.5,Germany,3,Mới hoặc giá trị thấp
13812,184,1,139.88,67,17.485,Germany,3,Mới hoặc giá trị thấp
13813,32,1,292.24,83,19.482666666666667,Germany,3,Mới hoặc giá trị thấp
13814,124,1,961.58,532,36.98384615384616,Germany,2,Ngủ quên / cần kích hoạt lại
13816,184,1,371.69,178,21.864117647058823,Germany,3,Mới hoặc giá trị thấp
13817,60,1,254.28,148,16.952,Germany,3,Mới hoặc giá trị thấp
13819,39,2,732.05,563,31.828260869565216,United Kingdom,2,Ngủ quên / cần kích hoạt lại
13822,243,1,163.62,111,32.724000000000004,United Kingdom,3,Mới hoặc giá trị thấp
13823,93,1,650.42,325,25.016153846153845,United Kingdom,2,Ngủ quên / cần kích hoạt lại
13824,7,3,1371.28,602,39.17942857142857,United Kingdom,0,Trung thành tiềm năng
13831,220,2,719.3,238,143.85999999999999,United Kingdom,2,Ngủ quên / cần kích hoạt lại
13833,279,1,384.8,118,13.26896551724138,United Kingdom,3,Mới hoặc giá trị thấp
13835,128,2,537.34,291,15.804117647058824,United Kingdom,2,Ngủ quên / cần kích hoạt lại
13837,6,1,157.54000000000002,121,15.754000000000001,United Kingdom,0,Trung thành tiềm năng
13838,243,2,450.25,177,4.207943925233645,United Kingdom,3,Mới hoặc giá trị thấp
13841,341,1,85.0,100,85.0,United Kingdom,3,Mới hoặc giá trị thấp
13842,1,6,2137.09,1123,16.82748031496063,United Kingdom,1,VIP / Giá trị cao
13845,184,1,312.98,182,34.775555555555556,United Kingdom,3,Mới hoặc giá trị thấp
13846,37,1,252.53,111,16.835333333333335,United Kingdom,3,Mới hoặc giá trị thấp
13848,124,2,640.0,2000,320.0,United Kingdom,2,Ngủ quên / cần kích hoạt lại
13850,306,1,1595.48,944,17.155698924731183,United Kingdom,2,Ngủ quên / cần kích hoạt lại
13851,216,2,2405.14,1555,37.5803125,United Kingdom,2,Ngủ quên / cần kích hoạt lại
13854,2,11,3696.87,933,80.36673913043478,United Kingdom,1,VIP / Giá trị cao
13856,96,1,124.60000000000001,160,41.53333333333334,United Kingdom,3,Mới hoặc giá trị thấp
13860,121,1,319.45,223,15.9725,United Kingdom,3,Mới hoặc giá trị thấp
13862,40,3,1026.16,748,16.28825396825397,United Kingdom,2,Ngủ quên / cần kích hoạt lại
13863,190,1,305.78,224,15.288999999999998,United Kingdom,3,Mới hoặc giá trị thấp
13865,1,2,277.44,108,16.32,United Kingdom,0,Trung thành tiềm năng
13867,122,2,561.3,216,18.106451612903225,United Kingdom,2,Ngủ quên / cần kích hoạt lại
13868,302,2,3192.54,1964,96.74363636363637,United Kingdom,2,Ngủ quên / cần kích hoạt lại
13869,125,1,1519.99,993,9.047559523809523,United Kingdom,2,Ngủ quên / cần kích hoạt lại
13870,152,1,152.75,57,38.1875,United Kingdom,3,Mới hoặc giá trị thấp
13871,69,3,1392.0,566,18.07792207792208,United Kingdom,2,Ngủ quên / cần kích hoạt lại
13873,3,3,389.6,140,16.93913043478261,United Kingdom,0,Trung thành tiềm năng
13875,39,2,724.85,586,15.757608695652175,United Kingdom,2,Ngủ quên / cần kích hoạt lại
13876,154,1,122.7,36,17.52857142857143,United Kingdom,3,Mới hoặc giá trị thấp
13880,188,4,837.74,412,19.482325581395347,United Kingdom,2,Ngủ quên / cần kích hoạt lại
13881,37,9,9414.78,5638,97.05958762886598,United Kingdom,1,VIP / Giá trị cao
13882,91,3,435.34000000000003,418,15.547857142857143,United Kingdom,2,Ngủ quên / cần kích hoạt lại
13883,220,3,762.37,447,15.882708333333333,United Kingdom,2,Ngủ quên / cần kích hoạt lại
13884,32,5,787.6,300,13.349152542372881,United Kingdom,2,Ngủ quên / cần kích hoạt lại
13885,280,1,107.65,23,21.53,United Kingdom,3,Mới hoặc giá trị thấp
13888,3,2,605.63,258,15.14075,United Kingdom,0,Trung thành tiềm năng
13889,124,1,416.90000000000003,146,27.793333333333337,United Kingdom,3,Mới hoặc giá trị thấp
13890,121,5,913.1500000000001,359,16.91018518518519,United Kingdom,2,Ngủ quên / cần kích hoạt lại
13892,160,2,395.73,539,16.48875,United Kingdom,2,Ngủ quên / cần kích hoạt lại
13894,312,1,160.85,105,16.085,United Kingdom,3,Mới hoặc giá trị thấp
13895,30,2,1655.77,929,22.68178082191781,United Kingdom,2,Ngủ quên / cần kích hoạt lại
13899,69,1,298.5,122,19.9,United Kingdom,3,Mới hoặc giá trị thấp
13900,95,1,8.5,1,8.5,United Kingdom,3,Mới hoặc giá trị thấp
13901,248,1,1561.0900000000001,856,20.273896103896107,United Kingdom,2,Ngủ quên / cần kích hoạt lại
13904,303,1,131.52,109,14.613333333333335,United Kingdom,3,Mới hoặc giá trị thấp
13908,97,3,1461.61,919,19.231710526315787,United Kingdom,2,Ngủ quên / cần kích hoạt lại
13911,128,3,867.47,545,15.218771929824563,United Kingdom,2,Ngủ quên / cần kích hoạt lại
13914,275,1,321.07,125,20.066875,United Kingdom,3,Mới hoặc giá trị thấp
13917,339,1,65.38,38,13.075999999999999,United Kingdom,3,Mới hoặc giá trị thấp
13919,31,2,384.81,474,13.743214285714286,Denmark,2,Ngủ quên / cần kích hoạt lại
13924,121,2,474.73,765,12.830540540540541,United Kingdom,2,Ngủ quên / cần kích hoạt lại
13925,64,3,298.13,119,18.633125,United Kingdom,3,Mới hoặc giá trị thấp
13928,122,1,131.22,24,16.4025,United Kingdom,3,Mới hoặc giá trị thấp
13931,216,2,1237.53,725,21.336724137931036,United Kingdom,2,Ngủ quên / cần kích hoạt lại
13938,244,1,71.66,70,10.237142857142857,United Kingdom,3,Mới hoặc giá trị thấp
13939,343,1,184.5,202,15.375,United Kingdom,3,Mới hoặc giá trị thấp
13940,184,1,225.24,136,16.08857142857143,United Kingdom,3,Mới hoặc giá trị thấp
13941,32,2,2123.16,1040,111.74526315789473,United Kingdom,2,Ngủ quên / cần kích hoạt lại
13947,215,1,90.6,44,18.119999999999997,United Kingdom,3,Mới hoặc giá trị thấp
13949,152,3,1359.04,1472,13.590399999999999,United Kingdom,2,Ngủ quên / cần kích hoạt lại
13950,160,1,179.30999999999997,81,25.615714285714283,United Kingdom,3,Mới hoặc giá trị thấp
13952,189,1,1208.31,545,27.46159090909091,United Kingdom,2,Ngủ quên / cần kích hoạt lại
13953,69,2,911.32,676,113.915,United Kingdom,2,Ngủ quên / cần kích hoạt lại
13954,121,1,212.51,101,17.709166666666665,United Kingdom,3,Mới hoặc giá trị thấp
13955,126,2,322.96,154,9.786666666666665,United Kingdom,3,Mới hoặc giá trị thấp
13956,68,2,330.45,128,6.008181818181818,United Kingdom,3,Mới hoặc giá trị thấp
13959,282,2,337.44,198,9.92470588235294,United Kingdom,3,Mới hoặc giá trị thấp
13962,129,1,117.6,30,16.8,United Kingdom,3,Mới hoặc giá trị thấp
13963,253,3,548.86,406,18.926206896551726,United Kingdom,2,Ngủ quên / cần kích hoạt lại
13969,31,9,4016.98,2094,14.933011152416357,United Kingdom,1,VIP / Giá trị cao
13971,31,2,703.36,520,17.584,United Kingdom,2,Ngủ quên / cần kích hoạt lại
13975,122,5,2374.52,1658,7.195515151515152,United Kingdom,1,VIP / Giá trị cao
13980,62,1,200.14,172,18.19454545454545,United Kingdom,3,Mới hoặc giá trị thấp
13982,455,1,428.6,208,18.63478260869565,United Kingdom,3,Mới hoặc giá trị thấp
13983,1,7,1279.38,606,28.43066666666667,United Kingdom,0,Trung thành tiềm năng
13984,217,3,689.38,586,86.1725,United Kingdom,2,Ngủ quên / cần kích hoạt lại
13985,1,8,3181.1,1488,19.048502994011976,United Kingdom,1,VIP / Giá trị cao
13989,215,1,369.40999999999997,444,20.522777777777776,United Kingdom,2,Ngủ quên / cần kích hoạt lại
13990,67,1,311.3,190,19.45625,United Kingdom,3,Mới hoặc giá trị thấp
13992,91,1,76.8,64,15.36,United Kingdom,3,Mới hoặc giá trị thấp
13993,32,2,845.3,202,40.25238095238095,United Kingdom,2,Ngủ quên / cần kích hoạt lại
13994,182,2,924.21,404,11.552625,United Kingdom,2,Ngủ quên / cần kích hoạt lại
13995,129,1,310.45,183,18.261764705882353,United Kingdom,3,Mới hoặc giá trị thấp
13999,30,5,1586.57,864,17.24532608695652,United Kingdom,1,VIP / Giá trị cao
14000,6,1,635.66,710,42.37733333333333,United Kingdom,0,Trung thành tiềm năng
14001,698,1,301.24,94,33.471111111111114,United Kingdom,3,Mới hoặc giá trị thấp
14002,187,1,224.79,59,16.056428571428572,United Kingdom,3,Mới hoặc giá trị thấp
14004,246,2,957.0,430,28.147058823529413,United Kingdom,2,Ngủ quên / cần kích hoạt lại
14005,128,1,187.16,240,13.368571428571428,United Kingdom,3,Mới hoặc giá trị thấp
14006,7,1,357.65,211,27.51153846153846,United Kingdom,0,Trung thành tiềm năng
14012,161,1,328.8,160,29.89090909090909,United Kingdom,3,Mới hoặc giá trị thấp
14013,99,1,118.5,90,14.8125,United Kingdom,3,Mới hoặc giá trị thấp
14016,338,1,976.58,697,21.701777777777778,EIRE,2,Ngủ quên / cần kích hoạt lại
14019,305,1,416.24,320,24.48470588235294,United Kingdom,2,Ngủ quên / cần kích hoạt lại
14020,2,1,331.14,180,18.396666666666665,United Kingdom,0,Trung thành tiềm năng
14021,6,2,433.0,138,22.789473684210527,United Kingdom,0,Trung thành tiềm năng
14023,282,2,584.07,345,18.840967741935486,United Kingdom,2,Ngủ quên / cần kích hoạt lại
14024,64,2,327.7,150,20.48125,United Kingdom,3,Mới hoặc giá trị thấp
14027,62,1,104.82,62,17.47,United Kingdom,3,Mới hoặc giá trị thấp
14029,154,1,302.46,174,33.60666666666666,United Kingdom,3,Mới hoặc giá trị thấp
14030,32,7,1816.81,1030,9.820594594594594,United Kingdom,1,VIP / Giá trị cao
14031,192,8,7549.67,2324,95.56544303797469,United Kingdom,1,VIP / Giá trị cao
14032,7,5,1202.68,841,21.866909090909093,United Kingdom,1,VIP / Giá trị cao
14034,218,2,473.90999999999997,307,18.9564,United Kingdom,2,Ngủ quên / cần kích hoạt lại
14035,30,1,300.32,120,25.026666666666667,United Kingdom,3,Mới hoặc giá trị thấp
14037,425,1,111.8,34,4.3,United Kingdom,3,Mới hoặc giá trị thấp
14039,183,1,152.2,92,25.366666666666664,United Kingdom,3,Mới hoặc giá trị thấp
14040,10,5,2148.57,768,15.915333333333335,United Kingdom,1,VIP / Giá trị cao
14044,284,1,173.74,75,3.158909090909091,United Kingdom,3,Mới hoặc giá trị thấp
14045,193,3,1251.75,487,250.35,United Kingdom,2,Ngủ quên / cần kích hoạt lại
14047,163,3,647.37,219,26.97375,United Kingdom,2,Ngủ quên / cần kích hoạt lại
14048,162,1,409.93,288,4.822705882352941,United Kingdom,3,Mới hoặc giá trị thấp
14049,248,1,226.93,135,9.866521739130436,United Kingdom,3,Mới hoặc giá trị thấp
14050,122,1,260.38,242,15.316470588235294,United Kingdom,3,Mới hoặc giá trị thấp
14051,31,10,6933.570000000001,1694,68.64920792079208,United Kingdom,1,VIP / Giá trị cao
14053,156,2,260.25,215,65.0625,United Kingdom,2,Ngủ quên / cần kích hoạt lại
14054,215,1,92.46,62,15.409999999999998,United Kingdom,3,Mới hoặc giá trị thấp
14056,36,11,3969.87,2110,7.605114942528735,United Kingdom,1,VIP / Giá trị cao
14057,32,5,1160.15,909,20.002586206896552,United Kingdom,1,VIP / Giá trị cao
14060,71,6,1970.1200000000001,1958,32.29704918032787,United Kingdom,1,VIP / Giá trị cao
14062,93,2,1965.5,1240,70.19642857142857,United Kingdom,2,Ngủ quên / cần kích hoạt lại
14064,6,3,722.87,664,15.714565217391305,United Kingdom,0,Trung thành tiềm năng
14067,154,2,374.7,361,7.2057692307692305,United Kingdom,2,Ngủ quên / cần kích hoạt lại
14071,122,3,307.11,243,2.55925,United Kingdom,3,Mới hoặc giá trị thấp
14073,153,1,151.04,130,11.618461538461538,United Kingdom,3,Mới hoặc giá trị thấp
14075,213,1,316.78,202,39.5975,United Kingdom,3,Mới hoặc giá trị thấp
14076,306,1,122.47,81,2.662391304347826,United Kingdom,3,Mới hoặc giá trị thấp
14077,66,2,227.9,128,8.139285714285714,United Kingdom,3,Mới hoặc giá trị thấp
14078,67,3,491.46,135,14.041714285714285,United Kingdom,2,Ngủ quên / cần kích hoạt lại
14079,156,1,375.1,301,31.258333333333336,United Kingdom,2,Ngủ quên / cần kích hoạt lại
14080,153,1,45.599999999999994,48,11.399999999999999,United Kingdom,3,Mới hoặc giá trị thấp
14081,70,2,934.52,596,6.10797385620915,United Kingdom,2,Ngủ quên / cần kích hoạt lại
14082,425,1,182.25,110,6.2844827586206895,United Kingdom,3,Mới hoặc giá trị thấp
14083,38,5,811.3,633,5.519047619047619,United Kingdom,2,Ngủ quên / cần kích hoạt lại
14085,99,6,1338.71,833,10.541023622047245,United Kingdom,1,VIP / Giá trị cao
14087,152,1,194.42,251,2.8176811594202897,United Kingdom,3,Mới hoặc giá trị thấp
14088,278,4,12777.66,3666,88.12179310344827,United Kingdom,1,VIP / Giá trị cao
14092,276,4,1013.25,570,19.86764705882353,United Kingdom,2,Ngủ quên / cần kích hoạt lại
14096,61,6,19798.67,4786,12.397413901064494,United Kingdom,1,VIP / Giá trị cao
14098,275,1,147.35,104,7.016666666666667,United Kingdom,3,Mới hoặc giá trị thấp
14099,33,4,1206.43,748,12.83436170212766,United Kingdom,2,Ngủ quên / cần kích hoạt lại
14102,243,2,467.8,344,18.712,United Kingdom,2,Ngủ quên / cần kích hoạt lại
14104,126,1,104.95,2,52.475,United Kingdom,3,Mới hoặc giá trị thấp
14107,246,3,1288.15,773,23.85462962962963,United Kingdom,2,Ngủ quên / cần kích hoạt lại
14108,91,1,306.58,172,17.03222222222222,United Kingdom,3,Mới hoặc giá trị thấp
14110,2,6,2853.15,1337,32.7948275862069,United Kingdom,1,VIP / Giá trị cao
14111,7,2,142.5,166,35.625,United Kingdom,0,Trung thành tiềm năng
14112,99,2,1365.42,860,17.283797468354432,United Kingdom,2,Ngủ quên / cần kích hoạt lại
14113,182,1,471.9,231,42.9,United Kingdom,2,Ngủ quên / cần kích hoạt lại
14114,38,1,191.39999999999998,12,47.849999999999994,United Kingdom,3,Mới hoặc giá trị thấp
14116,64,4,1169.82,609,18.2784375,United Kingdom,2,Ngủ quên / cần kích hoạt lại
14121,31,3,2251.67,1714,17.72968503937008,United Kingdom,1,VIP / Giá trị cao
14125,30,1,1111.08,486,18.517999999999997,United Kingdom,2,Ngủ quên / cần kích hoạt lại
14126,302,1,62.5,50,62.5,United Kingdom,3,Mới hoặc giá trị thấp
14127,94,2,572.11,285,16.346,United Kingdom,2,Ngủ quên / cần kích hoạt lại
14128,62,1,331.96,295,13.831666666666665,United Kingdom,3,Mới hoặc giá trị thấp
14129,121,3,519.91,277,19.99653846153846,United Kingdom,2,Ngủ quên / cần kích hoạt lại
14132,4,7,2261.71,2365,18.53860655737705,United Kingdom,1,VIP / Giá trị cao
14133,306,2,287.64,196,23.97,United Kingdom,3,Mới hoặc giá trị thấp
14135,40,10,3307.25,3065,32.424019607843135,United Kingdom,1,VIP / Giá trị cao
14138,121,2,982.3800000000001,610,20.901702127659576,United Kingdom,2,Ngủ quên / cần kích hoạt lại
14140,122,2,935.05,811,14.167424242424241,United Kingdom,2,Ngủ quên / cần kích hoạt lại
14141,31,2,425.82000000000005,134,25.04823529411765,United Kingdom,2,Ngủ quên / cần kích hoạt lại
14142,698,1,311.81,313,14.173181818181819,United Kingdom,3,Mới hoặc giá trị thấp
14145,187,3,2851.2,576,356.4,United Kingdom,2,Ngủ quên / cần kích hoạt lại
14146,333,1,1225.16,660,16.78301369863014,United Kingdom,2,Ngủ quên / cần kích hoạt lại
14149,281,1,446.62,218,15.950714285714286,United Kingdom,3,Mới hoặc giá trị thấp
14150,244,1,352.46000000000004,234,25.17571428571429,United Kingdom,3,Mới hoặc giá trị thấp
14156,1,24,37347.95,19170,67.5369801084991,EIRE,1,VIP / Giá trị cao
14159,216,3,1231.43,1120,4.024281045751634,United Kingdom,2,Ngủ quên / cần kích hoạt lại
14161,128,3,1110.52,455,10.282592592592593,United Kingdom,2,Ngủ quên / cần kích hoạt lại
14163,65,1,909.6,308,53.50588235294118,United Kingdom,2,Ngủ quên / cần kích hoạt lại
14165,99,1,122.53999999999999,54,4.901599999999999,United Kingdom,3,Mới hoặc giá trị thấp
14167,10,1,148.35,39,8.241666666666667,United Kingdom,3,Mới hoặc giá trị thấp
14171,305,1,363.79,167,6.272241379310345,United Kingdom,3,Mới hoặc giá trị thấp
14173,250,1,114.04,40,10.367272727272727,United Kingdom,3,Mới hoặc giá trị thấp
14174,183,1,134.46,94,5.171538461538462,United Kingdom,3,Mới hoặc giá trị thấp
14175,31,1,2016.31,889,22.403444444444442,United Kingdom,2,Ngủ quên / cần kích hoạt lại
14176,517,1,159.55,61,17.727777777777778,United Kingdom,3,Mới hoặc giá trị thấp
14177,216,2,191.33,106,10.07,United Kingdom,3,Mới hoặc giá trị thấp
14178,30,5,1243.56,1233,5.70440366972477,United Kingdom,1,VIP / Giá trị cao
14180,61,11,2091.27,285,20.705643564356436,United Kingdom,1,VIP / Giá trị cao
14184,245,1,452.89,127,18.870416666666667,United Kingdom,3,Mới hoặc giá trị thấp
14185,10,1,197.65,6,65.88333333333334,United Kingdom,3,Mới hoặc giá trị thấp
14188,91,4,1426.76,776,32.42636363636364,United Kingdom,2,Ngủ quên / cần kích hoạt lại
14189,61,6,1974.68,1800,18.629056603773584,United Kingdom,1,VIP / Giá trị cao
14191,64,5,1584.07,1255,17.03301075268817,United Kingdom,1,VIP / Giá trị cao
14193,276,1,430.85,195,22.676315789473687,United Kingdom,3,Mới hoặc giá trị thấp
14194,31,4,1602.2,688,19.303614457831326,United Kingdom,1,VIP / Giá trị cao
14195,341,1,828.4,736,165.68,United Kingdom,2,Ngủ quên / cần kích hoạt lại
14199,220,1,185.39999999999998,28,92.69999999999999,United Kingdom,3,Mới hoặc giá trị thấp
14201,62,3,355.12,250,22.195,United Kingdom,2,Ngủ quên / cần kích hoạt lại
14204,152,1,161.03,82,3.659772727272727,United Kingdom,3,Mới hoặc giá trị thấp
14208,185,1,151.74,114,15.174000000000001,United Kingdom,3,Mới hoặc giá trị thấp
14209,40,3,1017.23,435,21.6431914893617,United Kingdom,2,Ngủ quên / cần kích hoạt lại
14210,254,2,668.61,331,18.07054054054054,United Kingdom,2,Ngủ quên / cần kích hoạt lại
14211,246,1,220.04000000000002,96,16.92615384615385,United Kingdom,3,Mới hoặc giá trị thấp
14212,32,1,1070.48,1152,118.94222222222223,United Kingdom,2,Ngủ quên / cần kích hoạt lại
14214,91,3,765.4,414,16.639130434782608,United Kingdom,2,Ngủ quên / cần kích hoạt lại
14215,188,2,342.16,236,20.127058823529413,United Kingdom,2,Ngủ quên / cần kích hoạt lại
14216,182,3,1046.3600000000001,384,21.354285714285716,United Kingdom,2,Ngủ quên / cần kích hoạt lại
14217,40,9,973.6899999999999,249,17.703454545454544,United Kingdom,1,VIP / Giá trị cao
14219,213,1,89.94,78,12.848571428571429,United Kingdom,3,Mới hoặc giá trị thấp
14220,190,1,319.42,138,31.942,United Kingdom,3,Mới hoặc giá trị thấp
14221,254,3,1102.8,639,19.013793103448275,United Kingdom,2,Ngủ quên / cần kích hoạt lại
14223,124,2,686.23,455,16.338809523809523,United Kingdom,2,Ngủ quên / cần kích hoạt lại
14224,128,1,251.01999999999998,131,6.122439024390244,United Kingdom,3,Mới hoặc giá trị thấp
14226,30,2,337.02000000000004,134,25.924615384615386,United Kingdom,2,Ngủ quên / cần kích hoạt lại
14227,129,1,304.33000000000004,111,23.410000000000004,United Kingdom,3,Mới hoặc giá trị thấp
14229,71,1,456.97,195,22.8485,United Kingdom,3,Mới hoặc giá trị thấp
14231,96,1,307.76,116,25.646666666666665,United Kingdom,3,Mới hoặc giá trị thấp
14232,188,1,310.79,241,22.199285714285715,United Kingdom,3,Mới hoặc giá trị thấp
14233,6,2,858.25,363,61.30357142857143,United Kingdom,0,Trung thành tiềm năng
14234,91,1,209.48,215,13.965333333333332,United Kingdom,3,Mới hoặc giá trị thấp
14235,218,2,1538.31,985,61.532399999999996,United Kingdom,2,Ngủ quên / cần kích hoạt lại
14236,666,1,189.3,38,63.1,United Kingdom,3,Mới hoặc giá trị thấp
14237,698,1,161.0,38,17.88888888888889,United Kingdom,3,Mới hoặc giá trị thấp
14239,160,5,1161.3,410,22.332692307692305,United Kingdom,2,Ngủ quên / cần kích hoạt lại
14240,91,1,663.49,339,20.7340625,United Kingdom,2,Ngủ quên / cần kích hoạt lại
14241,96,1,213.70000000000002,146,21.37,United Kingdom,3,Mới hoặc giá trị thấp
14243,129,5,1184.56,648,19.742666666666665,United Kingdom,2,Ngủ quên / cần kích hoạt lại
14245,250,1,688.35,345,16.789024390243902,United Kingdom,2,Ngủ quên / cần kích hoạt lại
14246,129,1,449.64,216,18.735,United Kingdom,3,Mới hoặc giá trị thấp
14247,191,1,136.76999999999998,47,6.838499999999999,United Kingdom,3,Mới hoặc giá trị thấp
14250,32,3,1904.05,1200,17.153603603603603,United Kingdom,2,Ngủ quên / cần kích hoạt lại
14251,121,1,482.28000000000003,224,48.228,United Kingdom,2,Ngủ quên / cần kích hoạt lại
14256,425,1,523.86,302,16.370625,United Kingdom,3,Mới hoặc giá trị thấp
14257,125,4,2479.58,1258,37.00865671641791,United Kingdom,1,VIP / Giá trị cao
14258,32,5,7609.18,4620,104.23534246575343,United Kingdom,1,VIP / Giá trị cao
14262,61,3,1124.36,735,18.134838709677418,United Kingdom,2,Ngủ quên / cần kích hoạt lại
14264,126,2,333.97,70,19.64529411764706,United Kingdom,3,Mới hoặc giá trị thấp
14270,10,1,492.65000000000003,197,16.98793103448276,United Kingdom,0,Trung thành tiềm năng
14273,37,2,218.7,109,18.224999999999998,United Kingdom,3,Mới hoặc giá trị thấp
14276,5,2,778.54,528,17.30088888888889,United Kingdom,0,Trung thành tiềm năng
14277,36,1,1637.43,859,21.8324,France,2,Ngủ quên / cần kích hoạt lại
14282,122,4,1178.4,660,28.05714285714286,United Kingdom,2,Ngủ quên / cần kích hoạt lại
14284,91,1,343.15,91,18.060526315789474,United Kingdom,3,Mới hoặc giá trị thấp
14285,303,1,300.6,140,60.120000000000005,United Kingdom,3,Mới hoặc giá trị thấp
14286,37,1,2050.08,1998,14.539574468085107,United Kingdom,2,Ngủ quên / cần kích hoạt lại
14287,333,1,93.35,45,18.669999999999998,United Kingdom,3,Mới hoặc giá trị thấp
14288,67,1,426.6,188,26.6625,United Kingdom,3,Mới hoặc giá trị thấp
14289,7,2,225.78,54,16.127142857142857,United Kingdom,0,Trung thành tiềm năng
14290,276,1,728.5,448,22.075757575757574,United Kingdom,2,Ngủ quên / cần kích hoạt lại
14291,33,5,2478.31,1762,16.632953020134227,United Kingdom,1,VIP / Giá trị cao
14292,2,4,1430.06,692,32.501363636363635,United Kingdom,0,Trung thành tiềm năng
14293,162,3,815.1700000000001,544,18.957441860465117,United Kingdom,2,Ngủ quên / cần kích hoạt lại
14297,62,2,710.1,404,20.28857142857143,United Kingdom,2,Ngủ quên / cần kích hoạt lại
14298,91,10,16044.25,15971,34.578125,United Kingdom,1,VIP / Giá trị cao
14299,1,4,1647.72,692,41.193,United Kingdom,0,Trung thành tiềm năng
14304,340,1,383.45,139,22.555882352941175,United Kingdom,3,Mới hoặc giá trị thấp
14307,2,4,1895.36,1216,16.922857142857143,United Kingdom,0,Trung thành tiềm năng
14309,30,5,1446.41,953,19.54608108108108,United Kingdom,1,VIP / Giá trị cao
14311,37,1,310.26,146,15.513,United Kingdom,3,Mới hoặc giá trị thấp
14312,38,5,1047.19,480,18.055,United Kingdom,2,Ngủ quên / cần kích hoạt lại
14315,126,3,652.35,223,29.652272727272727,United Kingdom,2,Ngủ quên / cần kích hoạt lại
14317,184,1,508.58000000000004,255,21.190833333333334,United Kingdom,2,Ngủ quên / cần kích hoạt lại
14320,40,1,352.51,235,15.326521739130435,United Kingdom,3,Mới hoặc giá trị thấp
14321,71,1,326.82,645,11.269655172413794,United Kingdom,2,Ngủ quên / cần kích hoạt lại
14326,37,1,183.85,103,22.98125,United Kingdom,3,Mới hoặc giá trị thấp
14329,38,1,578.02,380,15.211052631578946,United Kingdom,2,Ngủ quên / cần kích hoạt lại
14331,156,1,79.0,16,19.75,United Kingdom,3,Mới hoặc giá trị thấp
14332,245,1,466.3,242,33.30714285714286,United Kingdom,2,Ngủ quên / cần kích hoạt lại
14333,276,1,415.2,58,27.68,United Kingdom,3,Mới hoặc giá trị thấp
14334,69,3,1017.01,699,14.956029411764705,United Kingdom,2,Ngủ quên / cần kích hoạt lại
14335,246,1,359.25,340,8.553571428571429,Germany,3,Mới hoặc giá trị thấp
14336,130,2,764.45,735,17.777906976744188,United Kingdom,2,Ngủ quên / cần kích hoạt lại
14338,338,1,8.25,1,8.25,United Kingdom,3,Mới hoặc giá trị thấp
14339,37,1,309.52,168,22.108571428571427,United Kingdom,3,Mới hoặc giá trị thấp
14340,220,1,134.7,58,22.45,United Kingdom,3,Mới hoặc giá trị thấp
14341,128,3,688.81,452,17.22025,United Kingdom,2,Ngủ quên / cần kích hoạt lại
14342,122,1,91.03999999999999,46,18.208,United Kingdom,3,Mới hoặc giá trị thấp
14344,99,4,604.13,319,10.41603448275862,United Kingdom,2,Ngủ quên / cần kích hoạt lại
14345,334,1,108.97999999999999,50,18.16333333333333,United Kingdom,3,Mới hoặc giá trị thấp
14346,33,1,759.14,501,17.654418604651163,United Kingdom,2,Ngủ quên / cần kích hoạt lại
14350,69,1,282.93,183,15.718333333333334,United Kingdom,3,Mới hoặc giá trị thấp
14352,38,3,464.94000000000005,222,25.830000000000002,United Kingdom,2,Ngủ quên / cần kích hoạt lại
14353,128,1,90.6,64,15.1,United Kingdom,3,Mới hoặc giá trị thấp
14354,91,2,163.62,210,18.18,United Kingdom,3,Mới hoặc giá trị thấp
14355,455,1,174.4,92,15.854545454545455,United Kingdom,3,Mới hoặc giá trị thấp
14360,122,4,2128.23,1151,18.035847457627117,United Kingdom,2,Ngủ quên / cần kích hoạt lại
14364,6,3,1763.8,796,83.99047619047619,United Kingdom,0,Trung thành tiềm năng
14367,34,9,4814.65,2100,17.19517857142857,United Kingdom,1,VIP / Giá trị cao
14375,158,1,257.68,194,3.4357333333333333,United Kingdom,3,Mới hoặc giá trị thấp
14377,339,1,302.45,95,43.207142857142856,United Kingdom,3,Mới hoặc giá trị thấp
14383,184,2,1005.6,616,22.854545454545455,United Kingdom,2,Ngủ quên / cần kích hoạt lại
14387,153,1,840.82,388,14.496896551724138,United Kingdom,2,Ngủ quên / cần kích hoạt lại
14388,64,6,2281.92,1383,16.656350364963505,United Kingdom,1,VIP / Giá trị cao
14389,215,2,1043.46,729,23.188000000000002,United Kingdom,2,Ngủ quên / cần kích hoạt lại
14390,6,3,1097.16,462,16.375522388059704,United Kingdom,0,Trung thành tiềm năng
14393,219,1,67.95,13,13.59,United Kingdom,3,Mới hoặc giá trị thấp
14395,61,6,2135.23,1050,10.31512077294686,United Kingdom,1,VIP / Giá trị cao
14396,215,2,487.99,225,6.684794520547945,United Kingdom,3,Mới hoặc giá trị thấp
14397,5,8,1405.1,1090,29.895744680851063,United Kingdom,1,VIP / Giá trị cao
14401,66,5,1718.14,1838,20.213411764705885,United Kingdom,1,VIP / Giá trị cao
14403,189,3,1180.01,419,65.55611111111111,United Kingdom,2,Ngủ quên / cần kích hoạt lại
14404,183,2,260.28,115,6.673846153846153,United Kingdom,3,Mới hoặc giá trị thấp
14406,3,1,156.75,77,19.59375,United Kingdom,0,Trung thành tiềm năng
14407,130,1,357.18,134,18.798947368421054,United Kingdom,3,Mới hoặc giá trị thấp
14408,185,3,1459.14,997,20.265833333333333,United Kingdom,2,Ngủ quên / cần kích hoạt lại
14409,94,3,519.6,268,51.96,United Kingdom,2,Ngủ quên / cần kích hoạt lại
14410,124,4,354.21999999999997,230,6.003728813559322,United Kingdom,2,Ngủ quên / cần kích hoạt lại
14411,312,1,1063.0,196,75.92857142857143,United Kingdom,2,Ngủ quên / cần kích hoạt lại
14413,364,1,122.7,68,5.334782608695653,United Kingdom,3,Mới hoặc giá trị thấp
14414,93,2,359.9,726,14.995833333333332,United Kingdom,2,Ngủ quên / cần kích hoạt lại
14415,66,7,3283.72,1732,10.166315789473684,United Kingdom,1,VIP / Giá trị cao
14418,182,1,897.35,789,14.710655737704919,United Kingdom,2,Ngủ quên / cần kích hoạt lại
14419,62,4,607.66,281,5.284,United Kingdom,2,Ngủ quên / cần kích hoạt lại
14420,335,1,387.52,334,13.362758620689654,United Kingdom,3,Mới hoặc giá trị thấp
14421,6,1,455.18,194,30.345333333333333,United Kingdom,0,Trung thành tiềm năng
14422,90,1,382.01,179,25.467333333333332,United Kingdom,3,Mới hoặc giá trị thấp
14423,220,1,265.2,120,88.39999999999999,United Kingdom,3,Mới hoặc giá trị thấp
14426,130,3,1719.33,1028,21.76367088607595,United Kingdom,2,Ngủ quên / cần kích hoạt lại
14427,154,1,321.74,208,20.10875,United Kingdom,3,Mới hoặc giá trị thấp
14428,275,2,710.71,242,6.900097087378641,United Kingdom,2,Ngủ quên / cần kích hoạt lại
14431,70,1,470.36,130,27.668235294117647,United Kingdom,3,Mới hoặc giá trị thấp
14432,32,3,671.28,741,5.5477685950413225,United Kingdom,2,Ngủ quên / cần kích hoạt lại
14434,62,3,552.0,136,110.4,United Kingdom,2,Ngủ quên / cần kích hoạt lại
14436,305,1,89.06,129,9.895555555555555,United Kingdom,3,Mới hoặc giá trị thấp
14437,455,1,63.0,60,12.6,United Kingdom,3,Mới hoặc giá trị thấp
14438,192,1,131.9,82,14.655555555555557,United Kingdom,3,Mới hoặc giá trị thấp
14440,333,2,1273.95,267,57.90681818181818,United Kingdom,2,Ngủ quên / cần kích hoạt lại
14441,90,2,646.26,188,34.013684210526314,United Kingdom,2,Ngủ quên / cần kích hoạt lại
14443,312,2,608.4,347,15.6,United Kingdom,2,Ngủ quên / cần kích hoạt lại
14446,30,3,657.4,563,3.4062176165803106,United Kingdom,2,Ngủ quên / cần kích hoạt lại
14447,252,1,265.0,136,17.666666666666668,United Kingdom,3,Mới hoặc giá trị thấp
14448,424,1,102.35000000000001,44,5.686111111111112,United Kingdom,3,Mới hoặc giá trị thấp
14449,160,3,714.7,647,3.3872037914691946,United Kingdom,2,Ngủ quên / cần kích hoạt lại
14450,5,2,322.22,160,11.111034482758622,United Kingdom,0,Trung thành tiềm năng
14451,62,1,302.59,185,5.308596491228069,United Kingdom,3,Mới hoặc giá trị thấp
14452,155,1,127.37,46,4.245666666666667,United Kingdom,3,Mới hoặc giá trị thấp
14453,308,1,119.93,49,5.451363636363637,United Kingdom,3,Mới hoặc giá trị thấp
14456,32,3,1465.0,1438,3.488095238095238,United Kingdom,2,Ngủ quên / cần kích hoạt lại
14457,312,1,113.64,88,28.41,United Kingdom,3,Mới hoặc giá trị thấp
14459,157,1,1837.92,760,49.67351351351351,United Kingdom,2,Ngủ quên / cần kích hoạt lại
14460,312,1,30.0,24,30.0,United Kingdom,3,Mới hoặc giá trị thấp
14462,33,7,1446.82,692,10.04736111111111,United Kingdom,1,VIP / Giá trị cao
14463,305,1,220.2,52,110.1,United Kingdom,3,Mới hoặc giá trị thấp
14465,70,3,1058.6200000000001,405,8.14323076923077,United Kingdom,2,Ngủ quên / cần kích hoạt lại
14466,61,5,1832.45,635,37.39693877551021,United Kingdom,1,VIP / Giá trị cao
14472,65,3,651.16,391,9.171267605633803,United Kingdom,2,Ngủ quên / cần kích hoạt lại
14473,311,1,85.0,10,85.0,United Kingdom,3,Mới hoặc giá trị thấp
14475,131,2,622.17,243,22.220357142857143,United Kingdom,2,Ngủ quên / cần kích hoạt lại
14477,127,1,358.0,200,179.0,United Kingdom,2,Ngủ quên / cần kích hoạt lại
14479,455,1,174.4,58,17.44,United Kingdom,3,Mới hoặc giá trị thấp
14482,91,3,827.27,609,10.743766233766234,United Kingdom,2,Ngủ quên / cần kích hoạt lại
14483,283,1,137.1,97,15.233333333333333,United Kingdom,3,Mới hoặc giá trị thấp
14485,334,1,165.75,71,3.526595744680851,United Kingdom,3,Mới hoặc giá trị thấp
14487,32,2,555.3199999999999,324,9.91642857142857,United Kingdom,2,Ngủ quên / cần kích hoạt lại
14488,276,1,1064.28,799,23.136521739130433,United Kingdom,2,Ngủ quên / cần kích hoạt lại
14491,667,1,127.2,40,31.8,United Kingdom,3,Mới hoặc giá trị thấp
14493,91,3,1602.54,861,20.2853164556962,United Kingdom,2,Ngủ quên / cần kích hoạt lại
14495,64,1,40.599999999999994,22,20.299999999999997,United Kingdom,3,Mới hoặc giá trị thấp
14496,343,2,538.8100000000001,159,28.35842105263158,United Kingdom,2,Ngủ quên / cần kích hoạt lại
14497,284,1,475.37,235,16.392068965517243,United Kingdom,3,Mới hoặc giá trị thấp
14498,188,1,147.02,96,10.501428571428573,United Kingdom,3,Mới hoặc giá trị thấp
14499,191,1,126.02000000000001,73,2.8640909090909092,United Kingdom,3,Mới hoặc giá trị thấp
14500,2,2,305.85,113,50.975,United Kingdom,0,Trung thành tiềm năng
14501,96,1,184.28,116,30.713333333333335,United Kingdom,3,Mới hoặc giá trị thấp
14502,183,3,943.53,713,3.7001176470588235,United Kingdom,2,Ngủ quên / cần kích hoạt lại
14503,182,2,770.87,399,22.67264705882353,United Kingdom,2,Ngủ quên / cần kích hoạt lại
14504,68,2,408.15,227,5.51554054054054,United Kingdom,3,Mới hoặc giá trị thấp
14505,67,4,2969.98,1325,7.369677419354839,United Kingdom,1,VIP / Giá trị cao
14506,245,3,1250.45,435,5.484429824561404,United Kingdom,2,Ngủ quên / cần kích hoạt lại
14507,128,3,615.31,336,11.187454545454544,United Kingdom,2,Ngủ quên / cần kích hoạt lại
14508,32,1,137.56,70,5.7316666666666665,United Kingdom,3,Mới hoặc giá trị thấp
14511,124,3,875.33,503,20.35651162790698,United Kingdom,2,Ngủ quên / cần kích hoạt lại
14512,219,1,148.95999999999998,72,16.55111111111111,United Kingdom,3,Mới hoặc giá trị thấp
14514,10,2,907.49,537,15.124833333333333,United Kingdom,0,Trung thành tiềm năng
14515,220,3,1349.07,770,20.754923076923077,United Kingdom,2,Ngủ quên / cần kích hoạt lại
14517,183,1,78.0,18,19.5,United Kingdom,3,Mới hoặc giá trị thấp
14518,184,1,174.37,278,10.898125,United Kingdom,3,Mới hoặc giá trị thấp
14520,121,1,105.60000000000001,46,35.2,United Kingdom,3,Mới hoặc giá trị thấp
14522,124,1,482.07,251,60.25875,United Kingdom,2,Ngủ quên / cần kích hoạt lại
14524,122,2,321.95,98,7.317045454545454,United Kingdom,3,Mới hoặc giá trị thấp
14525,32,2,1451.63,846,10.368785714285716,United Kingdom,2,Ngủ quên / cần kích hoạt lại
14527,2,19,3456.48,826,8.619650872817955,United Kingdom,1,VIP / Giá trị cao
14528,303,1,364.21999999999997,278,20.234444444444442,United Kingdom,3,Mới hoặc giá trị thấp
14529,62,1,261.62,152,2.642626262626263,United Kingdom,3,Mới hoặc giá trị thấp
14530,155,3,1399.21,547,12.273771929824562,United Kingdom,2,Ngủ quên / cần kích hoạt lại
14533,32,4,1062.08,2997,32.18424242424242,United Kingdom,1,VIP / Giá trị cao
14534,3,10,2442.42,1105,8.849347826086957,United Kingdom,1,VIP / Giá trị cao
14535,62,3,2864.19,1831,8.679363636363636,United Kingdom,1,VIP / Giá trị cao
14538,184,1,281.75,125,17.609375,United Kingdom,3,Mới hoặc giá trị thấp
14540,284,1,195.9,122,17.80909090909091,United Kingdom,3,Mới hoặc giá trị thấp
14541,1,3,319.1,122,31.910000000000004,United Kingdom,0,Trung thành tiềm năng
14542,158,1,103.25,19,20.65,United Kingdom,3,Mới hoặc giá trị thấp
14543,30,8,1633.68,289,44.153513513513516,United Kingdom,1,VIP / Giá trị cao
14546,221,2,1061.28,592,6.279763313609467,United Kingdom,2,Ngủ quên / cần kích hoạt lại
14547,182,3,957.6,548,9.48118811881188,United Kingdom,2,Ngủ quên / cần kích hoạt lại
14548,4,1,326.4,128,163.2,United Kingdom,0,Trung thành tiềm năng
14549,343,1,289.24,136,5.165,United Kingdom,3,Mới hoặc giá trị thấp
14552,34,1,165.07,91,2.8460344827586206,United Kingdom,3,Mới hoặc giá trị thấp
14553,183,4,717.79,306,9.085949367088608,United Kingdom,2,Ngủ quên / cần kích hoạt lại
14555,70,1,197.94,98,12.37125,United Kingdom,3,Mới hoặc giá trị thấp
14560,60,10,1027.95,829,31.150000000000002,United Kingdom,1,VIP / Giá trị cao
14561,127,1,222.07,183,13.879375,United Kingdom,3,Mới hoặc giá trị thấp
14562,61,8,1974.31,702,10.788579234972678,United Kingdom,1,VIP / Giá trị cao
14565,216,1,538.8000000000001,169,29.933333333333337,United Kingdom,3,Mới hoặc giá trị thấp
14567,337,1,800.76,172,61.596923076923076,United Kingdom,2,Ngủ quên / cần kích hoạt lại
14569,121,1,227.39,79,18.949166666666667,United Kingdom,3,Mới hoặc giá trị thấp
14570,252,2,218.06,95,7.519310344827586,United Kingdom,3,Mới hoặc giá trị thấp
14572,182,1,135.05,15,33.7625,United Kingdom,3,Mới hoặc giá trị thấp
14573,36,4,1016.47,366,6.821946308724832,United Kingdom,2,Ngủ quên / cần kích hoạt lại
14576,666,1,35.400000000000006,12,35.400000000000006,United Kingdom,3,Mới hoặc giá trị thấp
14577,364,1,346.90000000000003,131,9.128947368421054,United Kingdom,3,Mới hoặc giá trị thấp
14578,182,1,168.63,240,7.02625,United Kingdom,3,Mới hoặc giá trị thấp
14583,158,2,404.73,375,2.716308724832215,United Kingdom,2,Ngủ quên / cần kích hoạt lại
14584,95,1,354.01,118,10.412058823529412,United Kingdom,3,Mới hoặc giá trị thấp
14586,130,1,237.36,444,12.49263157894737,United Kingdom,3,Mới hoặc giá trị thấp
14587,10,7,1293.47,622,4.132492012779553,United Kingdom,1,VIP / Giá trị cao
14589,639,1,39.75,5,13.25,United Kingdom,3,Mới hoặc giá trị thấp
14591,67,1,250.22,105,5.560444444444444,United Kingdom,3,Mới hoặc giá trị thấp
14592,183,2,425.25,301,3.7302631578947367,United Kingdom,3,Mới hoặc giá trị thấp
14594,302,2,379.83,185,7.166603773584906,United Kingdom,3,Mới hoặc giá trị thấp
14595,92,1,141.75,96,14.175,United Kingdom,3,Mới hoặc giá trị thấp
14597,339,1,165.1,118,55.03333333333333,United Kingdom,3,Mới hoặc giá trị thấp
14600,162,1,393.33000000000004,125,15.733200000000002,United Kingdom,3,Mới hoặc giá trị thấp
14603,69,1,660.0,400,330.0,United Kingdom,2,Ngủ quên / cần kích hoạt lại
14606,6,38,5057.57,2525,4.257213804713804,United Kingdom,1,VIP / Giá trị cao
14607,275,1,1000.0,100,1000.0,United Kingdom,2,Ngủ quên / cần kích hoạt lại
14608,60,3,1198.2,292,92.16923076923078,United Kingdom,2,Ngủ quên / cần kích hoạt lại
14616,37,1,158.4,32,158.4,United Kingdom,3,Mới hoặc giá trị thấp
14618,193,1,211.8,92,42.36,United Kingdom,3,Mới hoặc giá trị thấp
14619,129,1,394.44,152,19.722,United Kingdom,3,Mới hoặc giá trị thấp
14620,342,1,235.35,73,15.69,United Kingdom,3,Mới hoặc giá trị thấp
14621,91,4,1482.66,863,19.508684210526315,United Kingdom,2,Ngủ quên / cần kích hoạt lại
14622,127,1,320.58000000000004,146,15.265714285714287,United Kingdom,3,Mới hoặc giá trị thấp
14623,153,2,367.52,222,5.8336507936507935,United Kingdom,3,Mới hoặc giá trị thấp
14624,31,1,210.25,138,17.520833333333332,United Kingdom,3,Mới hoặc giá trị thấp
14626,94,2,1595.3,762,24.171212121212122,United Kingdom,2,Ngủ quên / cần kích hoạt lại
14628,37,2,671.96,272,27.998333333333335,United Kingdom,2,Ngủ quên / cần kích hoạt lại
14629,213,1,354.18,165,5.208529411764706,United Kingdom,3,Mới hoặc giá trị thấp
14636,275,1,309.66,124,25.805000000000003,United Kingdom,3,Mới hoặc giá trị thấp
14639,33,2,754.1,278,16.75777777777778,United Kingdom,2,Ngủ quên / cần kích hoạt lại
14640,31,2,802.3100000000001,337,21.11342105263158,United Kingdom,2,Ngủ quên / cần kích hoạt lại
14642,1,1,96.12,76,48.06,United Kingdom,0,Trung thành tiềm năng
14644,276,1,643.26,192,35.736666666666665,United Kingdom,2,Ngủ quên / cần kích hoạt lại
14645,99,2,597.09,381,19.903000000000002,United Kingdom,2,Ngủ quên / cần kích hoạt lại
14646,3,28,87617.39,62627,125.1677,Netherlands,1,VIP / Giá trị cao
14649,36,3,1098.21,703,8.016131386861314,United Kingdom,2,Ngủ quên / cần kích hoạt lại
14651,6,2,654.6,344,6.41764705882353,United Kingdom,0,Trung thành tiềm năng
14653,121,4,1229.72,651,9.6071875,United Kingdom,2,Ngủ quên / cần kích hoạt lại
14655,333,2,1173.47,675,48.89458333333334,United Kingdom,2,Ngủ quên / cần kích hoạt lại
14656,342,1,133.11,40,4.590000000000001,United Kingdom,3,Mới hoặc giá trị thấp
14657,156,2,222.86,130,7.1890322580645165,United Kingdom,3,Mới hoặc giá trị thấp
14658,243,1,124.01,24,8.267333333333333,United Kingdom,3,Mới hoặc giá trị thấp
14659,189,4,840.8199999999999,398,8.850736842105263,United Kingdom,2,Ngủ quên / cần kích hoạt lại
14662,30,2,514.82,500,4.185528455284553,United Kingdom,2,Ngủ quên / cần kích hoạt lại
14664,183,1,389.04,302,5.8945454545454545,United Kingdom,3,Mới hoặc giá trị thấp
14665,32,3,1498.44,622,19.979200000000002,United Kingdom,2,Ngủ quên / cần kích hoạt lại
14667,69,13,4831.65,2560,16.434183673469388,United Kingdom,1,VIP / Giá trị cao
14669,7,3,1269.99,775,7.470529411764706,United Kingdom,0,Trung thành tiềm năng
14670,252,2,411.53,337,3.1176515151515147,United Kingdom,3,Mới hoặc giá trị thấp
14672,163,1,285.28000000000003,147,8.390588235294118,United Kingdom,3,Mới hoặc giá trị thấp
14673,182,3,1044.94,636,21.769583333333333,United Kingdom,2,Ngủ quên / cần kích hoạt lại
14676,122,2,933.6,912,58.35,United Kingdom,2,Ngủ quên / cần kích hoạt lại
14680,64,7,13441.85,6251,124.46157407407408,United Kingdom,1,VIP / Giá trị cao
14681,6,1,393.95,48,78.78999999999999,United Kingdom,0,Trung thành tiềm năng
14682,219,1,31.200000000000003,48,31.200000000000003,United Kingdom,3,Mới hoặc giá trị thấp
14684,128,2,519.26,295,2.7474074074074073,United Kingdom,2,Ngủ quên / cần kích hoạt lại
14688,4,10,3229.3,2097,16.39238578680203,United Kingdom,1,VIP / Giá trị cao
14690,34,1,216.71,85,7.472758620689655,United Kingdom,3,Mới hoặc giá trị thấp
14691,36,3,1619.94,564,29.453454545454548,United Kingdom,2,Ngủ quên / cần kích hoạt lại
14696,3,5,1465.45,1130,15.589893617021277,United Kingdom,1,VIP / Giá trị cao
14697,220,2,188.60999999999999,181,8.573181818181817,United Kingdom,3,Mới hoặc giá trị thấp
14698,121,1,157.16,102,3.4165217391304346,United Kingdom,3,Mới hoặc giá trị thấp
14699,97,1,109.13000000000001,77,13.641250000000001,United Kingdom,3,Mới hoặc giá trị thấp
14700,153,2,1513.75,1021,20.183333333333334,United Kingdom,2,Ngủ quên / cần kích hoạt lại
14701,190,2,528.89,240,6.694810126582278,United Kingdom,2,Ngủ quên / cần kích hoạt lại
14702,101,9,1666.21,683,10.159817073170732,United Kingdom,1,VIP / Giá trị cao
14704,5,1,110.12,58,3.670666666666667,United Kingdom,0,Trung thành tiềm năng
14708,126,3,1126.37,621,40.2275,United Kingdom,2,Ngủ quên / cần kích hoạt lại
14709,91,7,2611.89,1409,26.926701030927834,United Kingdom,1,VIP / Giá trị cao
14710,31,1,172.91,115,5.962413793103448,United Kingdom,3,Mới hoặc giá trị thấp
14711,93,4,964.91,382,5.956234567901235,United Kingdom,2,Ngủ quên / cần kích hoạt lại
14712,61,1,495.6,120,99.12,United Kingdom,2,Ngủ quên / cần kích hoạt lại
14713,61,7,1908.8999999999999,1173,7.515354330708661,United Kingdom,1,VIP / Giá trị cao
14715,10,2,485.25,251,12.13125,United Kingdom,0,Trung thành tiềm năng
14719,62,3,947.1,609,6.314,United Kingdom,2,Ngủ quên / cần kích hoạt lại
14720,32,3,663.81,219,17.94081081081081,United Kingdom,2,Ngủ quên / cần kích hoạt lại
14723,275,3,419.39,245,3.956509433962264,United Kingdom,2,Ngủ quên / cần kích hoạt lại
14727,69,1,268.58,62,26.857999999999997,United Kingdom,3,Mới hoặc giá trị thấp
14729,698,1,313.49,197,4.415352112676056,United Kingdom,3,Mới hoặc giá trị thấp
14730,121,4,1378.02,759,3.7446195652173913,United Kingdom,2,Ngủ quên / cần kích hoạt lại
14731,36,1,127.66,86,5.319166666666667,United Kingdom,3,Mới hoặc giá trị thấp
14732,2,7,2367.39,1185,17.799924812030074,United Kingdom,1,VIP / Giá trị cao
14733,40,3,3901.83,1472,51.33986842105263,United Kingdom,1,VIP / Giá trị cao
14735,182,3,767.29,321,33.36043478260869,United Kingdom,2,Ngủ quên / cần kích hoạt lại
14737,182,2,730.55,195,81.17222222222222,United Kingdom,2,Ngủ quên / cần kích hoạt lại
14738,6,3,630.33,311,26.26375,United Kingdom,0,Trung thành tiềm năng
14739,185,6,3392.32,3488,67.8464,United Kingdom,1,VIP / Giá trị cao
14740,342,1,521.1,260,17.37,United Kingdom,3,Mới hoặc giá trị thấp
14741,667,1,184.5,114,20.5,United Kingdom,3,Mới hoặc giá trị thấp
14744,31,2,308.75,183,38.59375,United Kingdom,2,Ngủ quên / cần kích hoạt lại
14745,127,1,341.07,283,14.21125,United Kingdom,3,Mới hoặc giá trị thấp
14747,251,1,328.2,84,18.233333333333334,United Kingdom,3,Mới hoặc giá trị thấp
14748,36,5,1415.75,1223,15.907303370786517,United Kingdom,1,VIP / Giá trị cao
14755,101,1,488.46000000000004,238,18.09111111111111,United Kingdom,2,Ngủ quên / cần kích hoạt lại
14759,213,1,755.12,322,15.1024,United Kingdom,2,Ngủ quên / cần kích hoạt lại
14761,1,2,255.9,118,23.263636363636365,United Kingdom,0,Trung thành tiềm năng
14765,60,1,158.61,113,5.1164516129032265,United Kingdom,3,Mới hoặc giá trị thấp
14766,67,3,960.07,417,19.59326530612245,United Kingdom,2,Ngủ quên / cần kích hoạt lại
14768,247,1,133.20000000000002,40,33.300000000000004,United Kingdom,3,Mới hoặc giá trị thấp
14769,152,1,341.96999999999997,201,14.24875,United Kingdom,3,Mới hoặc giá trị thấp
14775,1,2,717.0,756,17.925,United Kingdom,0,Trung thành tiềm năng
14776,219,1,214.56,236,26.82,United Kingdom,3,Mới hoặc giá trị thấp
14778,247,2,730.86,306,20.881714285714285,United Kingdom,2,Ngủ quên / cần kích hoạt lại
14779,252,1,38.0,14,6.333333333333333,United Kingdom,3,Mới hoặc giá trị thấp
14788,302,1,310.99,228,20.732666666666667,United Kingdom,3,Mới hoặc giá trị thấp
14789,30,1,197.64,116,32.94,United Kingdom,3,Mới hoặc giá trị thấp
14790,3,2,428.62,465,13.826451612903226,United Kingdom,0,Trung thành tiềm năng
14792,154,1,6.2,2,3.1,United Kingdom,3,Mới hoặc giá trị thấp
14794,91,3,531.11,242,17.703666666666667,United Kingdom,2,Ngủ quên / cần kích hoạt lại
14796,34,7,3536.6600000000003,2516,7.755833333333334,United Kingdom,1,VIP / Giá trị cao
14798,312,1,75.68,76,12.613333333333335,United Kingdom,3,Mới hoặc giá trị thấp
14800,31,7,2765.19,2155,11.24060975609756,United Kingdom,1,VIP / Giá trị cao
14801,92,1,193.14,175,3.273559322033898,United Kingdom,3,Mới hoặc giá trị thấp
14803,99,1,188.64,48,37.727999999999994,United Kingdom,3,Mới hoặc giá trị thấp
14804,333,1,353.27,121,29.439166666666665,United Kingdom,3,Mới hoặc giá trị thấp
14808,65,2,443.06,280,11.974594594594596,United Kingdom,2,Ngủ quên / cần kích hoạt lại
14810,101,3,463.64,209,8.429818181818181,United Kingdom,2,Ngủ quên / cần kích hoạt lại
14813,578,2,155.43,67,5.181,United Kingdom,3,Mới hoặc giá trị thấp
14815,275,2,778.5,744,14.68867924528302,United Kingdom,2,Ngủ quên / cần kích hoạt lại
14817,161,1,580.79,374,17.08205882352941,United Kingdom,2,Ngủ quên / cần kích hoạt lại
14819,184,1,187.35,61,18.735,United Kingdom,3,Mới hoặc giá trị thấp
14820,183,1,139.1,58,17.3875,United Kingdom,3,Mới hoặc giá trị thấp
14821,486,1,48.800000000000004,20,24.400000000000002,United Kingdom,3,Mới hoặc giá trị thấp
14823,5,1,110.78,40,4.615833333333334,United Kingdom,0,Trung thành tiềm năng
14824,93,2,497.41,241,29.259411764705884,United Kingdom,2,Ngủ quên / cần kích hoạt lại
14825,32,6,976.08,387,22.183636363636364,United Kingdom,1,VIP / Giá trị cao
14828,163,1,582.0,968,116.4,United Kingdom,2,Ngủ quên / cần kích hoạt lại
14829,61,3,549.1899999999999,352,15.691142857142856,United Kingdom,2,Ngủ quên / cần kích hoạt lại
14834,1,2,529.55,215,22.06458333333333,United Kingdom,0,Trung thành tiềm năng
14836,30,2,79.05,33,15.809999999999999,United Kingdom,3,Mới hoặc giá trị thấp
14837,32,1,303.94,210,16.885555555555555,United Kingdom,3,Mới hoặc giá trị thấp
14841,31,2,1169.69,585,25.993111111111112,United Kingdom,2,Ngủ quên / cần kích hoạt lại
14842,216,3,1901.52,711,21.128,United Kingdom,2,Ngủ quên / cần kích hoạt lại
14844,7,3,2521.01,1479,24.24048076923077,United Kingdom,1,VIP / Giá trị cao
14849,3,15,4256.8,3069,19.61658986175115,United Kingdom,1,VIP / Giá trị cao
14850,343,1,325.75,293,15.511904761904763,United Kingdom,3,Mới hoặc giá trị thấp
14852,1,3,1692.88,1102,19.237272727272728,United Kingdom,0,Trung thành tiềm năng
14853,6,1,214.5,34,71.5,United Kingdom,0,Trung thành tiềm năng
14854,69,2,655.36,388,23.405714285714286,United Kingdom,2,Ngủ quên / cần kích hoạt lại
14855,3,1,339.3,138,42.4125,United Kingdom,0,Trung thành tiềm năng
14856,275,2,308.11,229,19.256875,United Kingdom,3,Mới hoặc giá trị thấp
14857,31,1,650.6,276,20.98709677419355,United Kingdom,2,Ngủ quên / cần kích hoạt lại
14863,61,1,266.76,132,24.25090909090909,United Kingdom,3,Mới hoặc giá trị thấp
14865,302,2,52.2,108,13.05,United Kingdom,3,Mới hoặc giá trị thấp
14866,31,4,6181.32,2680,176.60914285714284,United Kingdom,1,VIP / Giá trị cao
14867,158,3,710.28,328,19.73,United Kingdom,2,Ngủ quên / cần kích hoạt lại
14868,33,5,1806.42,862,20.5275,United Kingdom,1,VIP / Giá trị cao
14869,333,1,334.39,195,15.923333333333332,United Kingdom,3,Mới hoặc giá trị thấp
14871,182,1,167.63,71,4.6563888888888885,United Kingdom,3,Mới hoặc giá trị thấp
14878,5,2,254.01,75,12.095714285714285,United Kingdom,0,Trung thành tiềm năng
14880,158,1,234.07,179,13.003888888888888,United Kingdom,3,Mới hoặc giá trị thấp
14882,183,1,247.9,66,41.31666666666667,United Kingdom,3,Mới hoặc giá trị thấp
14883,6,1,310.56,234,16.34526315789474,United Kingdom,0,Trung thành tiềm năng
14886,341,1,364.8,160,20.266666666666666,United Kingdom,3,Mới hoặc giá trị thấp
14889,163,1,135.9,90,13.59,United Kingdom,3,Mới hoặc giá trị thấp
14891,219,1,449.38,434,16.643703703703704,United Kingdom,2,Ngủ quên / cần kích hoạt lại
14895,61,10,4899.95,2274,23.112971698113206,United Kingdom,1,VIP / Giá trị cao
14896,455,1,257.22,184,8.038125,United Kingdom,3,Mới hoặc giá trị thấp
14897,2,2,789.96,176,31.5984,United Kingdom,0,Trung thành tiềm năng
14898,70,2,266.85,77,22.2375,United Kingdom,3,Mới hoặc giá trị thấp
14901,2,5,784.01,407,12.061692307692308,United Kingdom,0,Trung thành tiềm năng
14903,156,3,1725.35,928,8.499261083743843,United Kingdom,2,Ngủ quên / cần kích hoạt lại
14904,152,1,628.48,1392,13.371914893617022,United Kingdom,2,Ngủ quên / cần kích hoạt lại
14905,218,1,307.6,146,38.45,United Kingdom,3,Mới hoặc giá trị thấp
14907,30,4,2187.35,992,21.656930693069306,United Kingdom,1,VIP / Giá trị cao
14910,122,2,212.44,134,15.174285714285714,United Kingdom,3,Mới hoặc giá trị thấp
14911,1,75,59175.7,32220,26.861416250567405,EIRE,1,VIP / Giá trị cao
14912,160,1,482.78999999999996,445,34.485,Italy,2,Ngủ quên / cần kích hoạt lại
14913,38,3,926.56,1320,13.236571428571429,United Kingdom,2,Ngủ quên / cần kích hoạt lại
14915,93,2,307.48,112,25.623333333333335,United Kingdom,3,Mới hoặc giá trị thấp
14916,155,1,266.48,226,16.655,United Kingdom,3,Mới hoặc giá trị thấp
14918,126,1,765.4200000000001,312,38.271,United Kingdom,2,Ngủ quên / cần kích hoạt lại
14920,36,2,977.77,509,17.153859649122808,United Kingdom,2,Ngủ quên / cần kích hoạt lại
14921,91,1,413.06,322,16.5224,United Kingdom,2,Ngủ quên / cần kích hoạt lại
14924,129,1,310.05,64,31.005000000000003,United Kingdom,3,Mới hoặc giá trị thấp
14929,152,1,223.88,136,20.35272727272727,United Kingdom,3,Mới hoặc giá trị thấp
14930,69,1,1104.13,701,17.808548387096774,Channel Islands,2,Ngủ quên / cần kích hoạt lại
14931,213,1,198.4,60,39.68,Channel Islands,3,Mới hoặc giá trị thấp
14932,455,1,363.53,80,21.384117647058822,Channel Islands,3,Mới hoặc giá trị thấp
14934,311,1,828.84,459,21.252307692307692,Channel Islands,2,Ngủ quên / cần kích hoạt lại
14936,99,6,4640.5,2677,20.533185840707965,Channel Islands,1,VIP / Giá trị cao
14937,337,1,759.56,172,58.427692307692304,Channel Islands,2,Ngủ quên / cần kích hoạt lại
14944,61,7,2711.94,1319,33.89925,United Kingdom,1,VIP / Giá trị cao
14947,337,1,178.5,118,17.85,United Kingdom,3,Mới hoặc giá trị thấp
14948,250,2,360.76,164,18.987368421052633,United Kingdom,3,Mới hoặc giá trị thấp
14952,2,5,3717.92,1484,61.965333333333334,United Kingdom,1,VIP / Giá trị cao
14958,129,2,392.28,109,11.537647058823529,United Kingdom,3,Mới hoặc giá trị thấp
14959,128,2,401.82,298,12.961935483870967,United Kingdom,2,Ngủ quên / cần kích hoạt lại
14960,333,1,132.97,201,5.3187999999999995,United Kingdom,3,Mới hoặc giá trị thấp
14961,93,3,2087.12,1212,20.461960784313725,United Kingdom,2,Ngủ quên / cần kích hoạt lại
14963,96,2,604.59,363,5.758,United Kingdom,2,Ngủ quên / cần kích hoạt lại
14964,190,1,206.21,143,15.862307692307693,United Kingdom,3,Mới hoặc giá trị thấp
14965,246,2,599.0,365,7.216867469879518,United Kingdom,2,Ngủ quên / cần kích hoạt lại
14968,91,1,147.59,127,3.988918918918919,United Kingdom,3,Mới hoặc giá trị thấp
14970,304,2,917.06,150,38.21083333333333,United Kingdom,2,Ngủ quên / cần kích hoạt lại
14971,244,2,500.21,358,9.094727272727273,United Kingdom,2,Ngủ quên / cần kích hoạt lại
14972,278,1,114.77,28,6.376111111111111,United Kingdom,3,Mới hoặc giá trị thấp
14974,303,1,114.39,44,5.4471428571428575,United Kingdom,3,Mới hoặc giá trị thấp
14976,69,1,115.57000000000001,46,5.7785,United Kingdom,3,Mới hoặc giá trị thấp
14981,160,1,102.12,97,12.765,United Kingdom,3,Mới hoặc giá trị thấp
14984,5,1,110.17999999999999,21,6.481176470588235,United Kingdom,3,Mới hoặc giá trị thấp
14987,455,1,163.2,64,81.6,United Kingdom,3,Mới hoặc giá trị thấp
14988,6,1,334.54,141,8.3635,United Kingdom,0,Trung thành tiềm năng
14995,252,2,233.23000000000002,103,3.82344262295082,United Kingdom,3,Mới hoặc giá trị thấp
14997,2,1,278.4,612,23.2,United Kingdom,0,Trung thành tiềm năng
14998,7,1,183.64,105,4.3723809523809525,United Kingdom,0,Trung thành tiềm năng
15002,224,2,893.15,417,15.949107142857143,United Kingdom,2,Ngủ quên / cần kích hoạt lại
15005,101,11,2423.07,1603,5.532123287671233,United Kingdom,1,VIP / Giá trị cao
15007,279,1,156.91,69,13.075833333333334,United Kingdom,3,Mới hoặc giá trị thấp
15010,244,1,308.94,184,15.447,United Kingdom,3,Mới hoặc giá trị thấp
15012,698,1,191.06,86,3.538148148148148,United Kingdom,3,Mới hoặc giá trị thấp
15017,183,1,125.58,63,6.279,United Kingdom,3,Mới hoặc giá trị thấp
15018,334,3,496.21000000000004,189,16.006774193548388,United Kingdom,2,Ngủ quên / cần kích hoạt lại
15021,187,4,941.4300000000001,396,4.877875647668394,United Kingdom,2,Ngủ quên / cần kích hoạt lại
15023,130,5,3378.25,1647,11.413006756756756,United Kingdom,1,VIP / Giá trị cao
15024,30,6,1072.12,662,11.052783505154638,United Kingdom,1,VIP / Giá trị cao
15025,183,1,377.01,189,5.23625,United Kingdom,3,Mới hoặc giá trị thấp
15026,161,1,108.97999999999999,58,5.449,United Kingdom,3,Mới hoặc giá trị thấp
15027,91,2,411.9,306,41.19,United Kingdom,2,Ngủ quên / cần kích hoạt lại
15028,333,2,300.67,181,15.824736842105263,United Kingdom,3,Mới hoặc giá trị thấp
15031,90,3,557.18,353,6.056304347826086,United Kingdom,2,Ngủ quên / cần kích hoạt lại
15032,486,2,2770.6,1658,92.35333333333332,United Kingdom,2,Ngủ quên / cần kích hoạt lại
15033,125,3,380.34,267,3.4576363636363636,United Kingdom,2,Ngủ quên / cần kích hoạt lại
15034,30,3,1643.96,931,11.033288590604027,United Kingdom,2,Ngủ quên / cần kích hoạt lại
15035,32,1,252.73000000000002,245,9.36037037037037,United Kingdom,3,Mới hoặc giá trị thấp
15038,1,6,705.49,217,5.426846153846154,United Kingdom,0,Trung thành tiềm năng
15039,71,20,8524.26,3911,13.595311004784689,United Kingdom,1,VIP / Giá trị cao
15043,122,1,537.0,300,179.0,United Kingdom,2,Ngủ quên / cần kích hoạt lại
15044,7,6,2619.79,945,16.07233128834356,United Kingdom,1,VIP / Giá trị cao
15045,34,1,346.76,76,43.345,United Kingdom,3,Mới hoặc giá trị thấp
15046,70,7,2622.5,1733,24.976190476190474,United Kingdom,1,VIP / Giá trị cao
15048,215,3,315.97,144,4.103506493506494,United Kingdom,3,Mới hoặc giá trị thấp
15049,38,1,121.17000000000002,63,40.39000000000001,United Kingdom,3,Mới hoặc giá trị thấp
15051,4,1,377.74,351,11.11,United Kingdom,0,Trung thành tiềm năng
15053,187,3,697.79,986,9.828028169014084,United Kingdom,2,Ngủ quên / cần kích hoạt lại
15057,99,1,358.5,54,119.5,United Kingdom,3,Mới hoặc giá trị thấp
15058,68,4,767.59,400,7.995729166666667,United Kingdom,2,Ngủ quên / cần kích hoạt lại
15059,101,2,381.89,170,5.455571428571428,United Kingdom,3,Mới hoặc giá trị thấp
15060,333,1,16.61,21,2.07625,United Kingdom,3,Mới hoặc giá trị thấp
15061,6,28,31902.3,16069,137.50991379310344,United Kingdom,1,VIP / Giá trị cao
15062,189,1,353.06,276,16.812380952380952,United Kingdom,3,Mới hoặc giá trị thấp
15063,67,1,370.79999999999995,56,74.16,United Kingdom,3,Mới hoặc giá trị thấp
15065,303,1,299.38,202,17.610588235294117,United Kingdom,3,Mới hoặc giá trị thấp
15067,311,1,848.05,335,24.23,United Kingdom,2,Ngủ quên / cần kích hoạt lại
15070,667,1,106.2,36,106.2,United Kingdom,3,Mới hoặc giá trị thấp
15071,99,2,982.07,269,37.77192307692308,United Kingdom,2,Ngủ quên / cần kích hoạt lại
15073,158,2,861.96,428,19.59,United Kingdom,2,Ngủ quên / cần kích hoạt lại
15078,94,11,3272.2200000000003,1846,22.567034482758622,United Kingdom,1,VIP / Giá trị cao
15079,36,3,528.32,154,22.013333333333335,United Kingdom,2,Ngủ quên / cần kích hoạt lại
15081,215,2,191.45,89,15.954166666666666,United Kingdom,3,Mới hoặc giá trị thấp
15087,283,1,306.94,470,20.462666666666667,United Kingdom,3,Mới hoặc giá trị thấp
15088,276,1,864.19,340,21.604750000000003,United Kingdom,2,Ngủ quên / cần kích hoạt lại
15089,185,2,1580.61,778,17.961477272727272,United Kingdom,2,Ngủ quên / cần kích hoạt lại
15090,253,1,381.32,208,16.57913043478261,United Kingdom,3,Mới hoặc giá trị thấp
15091,276,1,480.71,346,16.023666666666667,United Kingdom,2,Ngủ quên / cần kích hoạt lại
15092,128,2,457.81,135,17.608076923076922,United Kingdom,3,Mới hoặc giá trị thấp
15093,224,2,1844.13,1507,49.841351351351356,United Kingdom,2,Ngủ quên / cần kích hoạt lại
15097,213,1,248.08,170,9.923200000000001,United Kingdom,3,Mới hoặc giá trị thấp
15098,66,3,39916.5,121,13305.5,United Kingdom,1,VIP / Giá trị cao
15100,71,3,876.0,80,292.0,United Kingdom,2,Ngủ quên / cần kích hoạt lại
15101,333,1,215.25,207,53.8125,United Kingdom,3,Mới hoặc giá trị thấp
15103,122,1,411.68,181,18.712727272727275,United Kingdom,3,Mới hoặc giá trị thấp
15104,311,1,374.64,220,13.379999999999999,United Kingdom,3,Mới hoặc giá trị thấp
15105,276,1,541.03,329,18.034333333333333,United Kingdom,2,Ngủ quên / cần kích hoạt lại
15106,6,2,637.38,539,13.85608695652174,United Kingdom,0,Trung thành tiềm năng
15107,40,4,243.5,125,20.291666666666668,United Kingdom,2,Ngủ quên / cần kích hoạt lại
15108,188,2,432.05,130,21.6025,European Community,3,Mới hoặc giá trị thấp
15109,129,1,484.95,131,17.319642857142856,United Kingdom,3,Mới hoặc giá trị thấp
15110,217,1,206.9,52,20.69,United Kingdom,3,Mới hoặc giá trị thấp
15111,61,3,1567.48,710,18.660476190476192,United Kingdom,2,Ngủ quên / cần kích hoạt lại
15114,39,6,1860.49,1875,14.311461538461538,United Kingdom,1,VIP / Giá trị cao
15117,33,2,675.73,1085,19.30657142857143,United Kingdom,2,Ngủ quên / cần kích hoạt lại
15119,129,1,266.4,88,19.02857142857143,United Kingdom,3,Mới hoặc giá trị thấp
15123,302,1,1129.84,686,21.317735849056604,United Kingdom,2,Ngủ quên / cần kích hoạt lại
15124,339,1,90.75,89,10.083333333333334,United Kingdom,3,Mới hoặc giá trị thấp
15125,62,2,375.0,84,75.0,United Kingdom,2,Ngủ quên / cần kích hoạt lại
15127,215,1,406.53,251,25.408125,United Kingdom,3,Mới hoặc giá trị thấp
15128,62,3,1096.6,958,14.621333333333332,United Kingdom,2,Ngủ quên / cần kích hoạt lại
15129,217,2,509.7,164,46.336363636363636,United Kingdom,2,Ngủ quên / cần kích hoạt lại
15133,39,2,657.72,474,29.89636363636364,United Kingdom,2,Ngủ quên / cần kích hoạt lại
15134,67,3,505.27000000000004,289,18.045357142857146,United Kingdom,2,Ngủ quên / cần kích hoạt lại
15136,152,3,839.8,538,18.662222222222223,United Kingdom,2,Ngủ quên / cần kích hoạt lại
15139,163,1,122.10000000000001,102,15.262500000000001,United Kingdom,3,Mới hoặc giá trị thấp
15144,1,6,3023.9,1352,32.51505376344086,United Kingdom,1,VIP / Giá trị cao
15145,212,2,580.59,379,17.076176470588237,United Kingdom,2,Ngủ quên / cần kích hoạt lại
15150,153,5,2067.45,1322,14.981521739130434,United Kingdom,1,VIP / Giá trị cao
15152,62,5,2079.93,1197,18.086347826086953,United Kingdom,1,VIP / Giá trị cao
15153,122,1,329.25,198,14.965909090909092,United Kingdom,3,Mới hoặc giá trị thấp
15156,120,3,961.49,597,17.481636363636365,United Kingdom,2,Ngủ quên / cần kích hoạt lại
15157,126,2,850.61,1314,11.980422535211268,United Kingdom,2,Ngủ quên / cần kích hoạt lại
15159,32,14,6671.65,4528,23.409298245614035,United Kingdom,1,VIP / Giá trị cao
15164,254,2,648.26,266,10.28984126984127,United Kingdom,2,Ngủ quên / cần kích hoạt lại
15165,698,1,487.75,160,18.064814814814813,United Kingdom,3,Mới hoặc giá trị thấp
15171,10,1,1289.5,290,257.9,United Kingdom,0,Trung thành tiềm năng
15172,333,1,376.1,386,14.465384615384616,United Kingdom,3,Mới hoặc giá trị thấp
15179,341,1,102.0,40,102.0,United Kingdom,3,Mới hoặc giá trị thấp
15180,517,1,87.5,36,14.583333333333334,United Kingdom,3,Mới hoặc giá trị thấp
15181,245,1,254.48,292,42.413333333333334,United Kingdom,3,Mới hoặc giá trị thấp
15182,126,1,252.37,109,19.413076923076922,United Kingdom,3,Mới hoặc giá trị thấp
15184,61,2,406.76,223,6.456507936507936,United Kingdom,2,Ngủ quên / cần kích hoạt lại
15187,36,8,2001.52,759,54.09513513513514,United Kingdom,1,VIP / Giá trị cao
15189,7,18,6206.29,2674,75.68646341463415,United Kingdom,1,VIP / Giá trị cao
15192,3,3,1044.32,918,20.47686274509804,United Kingdom,0,Trung thành tiềm năng
15193,62,1,499.32,144,26.28,United Kingdom,3,Mới hoặc giá trị thấp
15194,122,8,4224.03,3103,26.400187499999998,United Kingdom,1,VIP / Giá trị cao
15195,152,1,3861.0,1404,3861.0,United Kingdom,2,Ngủ quên / cần kích hoạt lại
15197,341,1,216.75,124,18.0625,United Kingdom,3,Mới hoặc giá trị thấp
15198,124,2,193.64,120,19.363999999999997,United Kingdom,3,Mới hoặc giá trị thấp
15199,31,3,964.65,287,96.465,United Kingdom,2,Ngủ quên / cần kích hoạt lại
15201,190,3,632.47,563,19.165757575757578,United Kingdom,2,Ngủ quên / cần kích hoạt lại
15203,343,1,211.94,224,10.597,United Kingdom,3,Mới hoặc giá trị thấp
15205,247,1,476.29999999999995,196,19.84583333333333,United Kingdom,3,Mới hoặc giá trị thấp
15206,99,2,201.29999999999998,78,50.324999999999996,United Kingdom,3,Mới hoặc giá trị thấp
15208,120,3,546.6,162,21.023076923076925,United Kingdom,2,Ngủ quên / cần kích hoạt lại
15211,62,2,894.4100000000001,240,17.20019230769231,United Kingdom,2,Ngủ quên / cần kích hoạt lại
15212,7,1,101.8,36,20.36,United Kingdom,3,Mới hoặc giá trị thấp
15214,37,5,1068.19,863,14.05513157894737,United Kingdom,1,VIP / Giá trị cao
15215,246,1,300.04,92,18.7525,United Kingdom,3,Mới hoặc giá trị thấp
15218,189,1,647.75,372,38.10294117647059,United Kingdom,2,Ngủ quên / cần kích hoạt lại
15220,252,1,316.11,275,13.743913043478262,United Kingdom,3,Mới hoặc giá trị thấp
15221,486,1,403.25,43,80.65,United Kingdom,3,Mới hoặc giá trị thấp
15223,251,1,300.85,115,25.070833333333336,United Kingdom,3,Mới hoặc giá trị thấp
15224,364,1,11.6,2,5.8,United Kingdom,3,Mới hoặc giá trị thấp
15226,312,1,154.41,71,19.30125,United Kingdom,3,Mới hoặc giá trị thấp
15227,128,3,594.33,369,21.22607142857143,United Kingdom,2,Ngủ quên / cần kích hoạt lại
15228,245,2,2133.2599999999998,1236,26.015365853658533,United Kingdom,2,Ngủ quên / cần kích hoạt lại
15234,130,1,197.0,196,14.071428571428571,United Kingdom,3,Mới hoặc giá trị thấp
15235,160,7,1121.97,559,15.582916666666668,United Kingdom,1,VIP / Giá trị cao
15237,121,1,83.6,88,11.942857142857141,United Kingdom,3,Mới hoặc giá trị thấp
15238,61,3,1071.99,692,21.4398,United Kingdom,2,Ngủ quên / cần kích hoạt lại
15240,7,3,1045.38,755,24.890000000000004,United Kingdom,0,Trung thành tiềm năng
15241,96,5,1119.71,1306,15.77056338028169,United Kingdom,1,VIP / Giá trị cao
15244,215,2,631.57,405,18.57558823529412,United Kingdom,2,Ngủ quên / cần kích hoạt lại
15245,219,1,486.24,408,30.39,United Kingdom,2,Ngủ quên / cần kích hoạt lại
15247,94,1,356.0,160,59.333333333333336,United Kingdom,3,Mới hoặc giá trị thấp
15249,3,7,3636.29,1986,19.762445652173913,United Kingdom,1,VIP / Giá trị cao
15251,4,4,6339.32,3910,96.05030303030303,United Kingdom,1,VIP / Giá trị cao
15252,96,2,740.78,522,16.83590909090909,United Kingdom,2,Ngủ quên / cần kích hoạt lại
15253,2,2,466.75,389,17.951923076923077,United Kingdom,0,Trung thành tiềm năng
15254,247,1,300.36,275,16.686666666666667,United Kingdom,3,Mới hoặc giá trị thấp
15255,245,1,890.85,489,18.95425531914894,United Kingdom,2,Ngủ quên / cần kích hoạt lại
15257,342,1,317.15,46,45.30714285714286,United Kingdom,3,Mới hoặc giá trị thấp
15258,189,1,315.66,78,19.72875,United Kingdom,3,Mới hoặc giá trị thấp
15260,188,3,808.38,402,24.496363636363636,United Kingdom,2,Ngủ quên / cần kích hoạt lại
15264,184,1,393.74,265,17.11913043478261,United Kingdom,3,Mới hoặc giá trị thấp
15265,34,1,793.88,372,19.847,United Kingdom,2,Ngủ quên / cần kích hoạt lại
15266,224,1,119.3,18,19.883333333333333,United Kingdom,3,Mới hoặc giá trị thấp
15267,1,3,1527.76,800,190.97,United Kingdom,0,Trung thành tiềm năng
15270,39,3,1013.5,412,50.675,United Kingdom,2,Ngủ quên / cần kích hoạt lại
15271,5,8,1328.66,681,13.557755102040817,United Kingdom,1,VIP / Giá trị cao
15274,213,1,332.58000000000004,242,15.117272727272729,United Kingdom,3,Mới hoặc giá trị thấp
15275,303,1,615.14,498,15.003414634146342,United Kingdom,2,Ngủ quên / cần kích hoạt lại
15276,245,1,135.31,64,2.602115384615385,United Kingdom,3,Mới hoặc giá trị thấp
15281,1,3,1025.19,633,16.01859375,United Kingdom,0,Trung thành tiềm năng
15288,157,2,548.01,214,15.2225,United Kingdom,2,Ngủ quên / cần kích hoạt lại
15289,61,2,617.25,573,21.28448275862069,United Kingdom,2,Ngủ quên / cần kích hoạt lại
15290,122,7,3202.81,2161,41.06166666666667,United Kingdom,1,VIP / Giá trị cao
15291,5,10,3157.42,1357,46.432647058823534,United Kingdom,1,VIP / Giá trị cao
15296,36,2,878.26,460,17.5652,United Kingdom,2,Ngủ quên / cần kích hoạt lại
15297,61,2,380.26,172,16.53304347826087,United Kingdom,2,Ngủ quên / cần kích hoạt lại
15298,124,5,2145.34,1909,18.49431034482759,United Kingdom,1,VIP / Giá trị cao
15299,276,5,3307.01,2467,661.402,United Kingdom,1,VIP / Giá trị cao
15300,184,1,496.44,292,17.73,United Kingdom,2,Ngủ quên / cần kích hoạt lại
15301,219,3,1345.28,810,20.078805970149254,United Kingdom,2,Ngủ quên / cần kích hoạt lại
15304,62,4,391.5,58,30.115384615384617,United Kingdom,2,Ngủ quên / cần kích hoạt lại
15306,124,2,829.73,532,20.237317073170733,United Kingdom,2,Ngủ quên / cần kích hoạt lại
15307,216,1,205.3,37,17.108333333333334,United Kingdom,3,Mới hoặc giá trị thấp
15308,69,1,310.47,175,16.340526315789475,United Kingdom,3,Mới hoặc giá trị thấp
15311,1,41,32300.0,20765,28.160418482999127,United Kingdom,1,VIP / Giá trị cao
15312,128,1,318.15999999999997,163,24.47384615384615,United Kingdom,3,Mới hoặc giá trị thấp
15315,184,1,336.96,600,16.045714285714286,United Kingdom,2,Ngủ quên / cần kích hoạt lại
15318,182,1,312.62,642,9.473333333333333,United Kingdom,2,Ngủ quên / cần kích hoạt lại
15319,342,1,204.5,175,12.78125,United Kingdom,3,Mới hoặc giá trị thấp
15326,71,1,311.71,386,10.748620689655171,United Kingdom,3,Mới hoặc giá trị thấp
15330,62,2,714.96,1312,54.99692307692308,United Kingdom,2,Ngủ quên / cần kích hoạt lại
15332,486,4,1661.06,652,47.45885714285714,Lithuania,2,Ngủ quên / cần kích hoạt lại
15334,187,1,127.53,114,3.446756756756757,United Kingdom,3,Mới hoặc giá trị thấp
15339,245,1,316.17,257,7.026000000000001,United Kingdom,3,Mới hoặc giá trị thấp
15342,306,1,406.09,283,16.920416666666664,United Kingdom,3,Mới hoặc giá trị thấp
15344,90,2,255.25,25,28.36111111111111,United Kingdom,3,Mới hoặc giá trị thấp
15346,40,1,252.42000000000002,144,14.848235294117648,United Kingdom,3,Mới hoặc giá trị thấp
15347,486,1,201.60000000000002,130,40.32000000000001,United Kingdom,3,Mới hoặc giá trị thấp
15349,219,2,473.81,327,6.580694444444444,United Kingdom,2,Ngủ quên / cần kích hoạt lại
15350,698,1,115.65,51,23.130000000000003,United Kingdom,3,Mới hoặc giá trị thấp
15351,31,4,772.44,297,8.217446808510639,United Kingdom,2,Ngủ quên / cần kích hoạt lại
15353,517,1,311.65,131,25.97083333333333,United Kingdom,3,Mới hoặc giá trị thấp
15355,61,1,150.8,24,25.133333333333336,United Kingdom,3,Mới hoặc giá trị thấp
15356,122,5,1252.49,793,4.970198412698413,United Kingdom,2,Ngủ quên / cần kích hoạt lại
15358,2,11,5004.54,4456,15.165272727272727,United Kingdom,1,VIP / Giá trị cao
15363,667,1,326.0,144,20.375,United Kingdom,3,Mới hoặc giá trị thấp
15364,216,1,581.39,409,22.361153846153847,United Kingdom,2,Ngủ quên / cần kích hoạt lại
15365,246,1,752.6700000000001,319,21.504857142857144,United Kingdom,2,Ngủ quên / cần kích hoạt lại
15367,99,2,1416.18,750,21.787384615384617,United Kingdom,2,Ngủ quên / cần kích hoạt lại
15370,31,2,217.2,84,24.133333333333333,United Kingdom,3,Mới hoặc giá trị thấp
15373,333,2,679.83,105,28.32625,United Kingdom,2,Ngủ quên / cần kích hoạt lại
15374,278,1,168.0,126,56.0,United Kingdom,3,Mới hoặc giá trị thấp
15376,340,1,654.17,375,11.087627118644066,United Kingdom,2,Ngủ quên / cần kích hoạt lại
15379,99,3,1341.3700000000001,1048,16.358170731707318,United Kingdom,2,Ngủ quên / cần kích hoạt lại
15380,333,2,615.4000000000001,132,87.91428571428573,United Kingdom,2,Ngủ quên / cần kích hoạt lại
15381,67,1,314.55,9,314.55,United Kingdom,3,Mới hoặc giá trị thấp
15382,127,2,539.1,454,17.39032258064516,United Kingdom,2,Ngủ quên / cần kích hoạt lại
15386,188,1,394.14,446,12.714193548387096,United Kingdom,2,Ngủ quên / cần kích hoạt lại
15392,2,3,1196.55,875,18.408461538461538,United Kingdom,0,Trung thành tiềm năng
15393,283,1,124.10000000000001,94,15.512500000000001,United Kingdom,3,Mới hoặc giá trị thấp
15399,121,1,266.64,188,14.813333333333333,United Kingdom,3,Mới hoặc giá trị thấp
15400,124,4,649.0,358,59.0,United Kingdom,2,Ngủ quên / cần kích hoạt lại
15405,280,1,349.1,193,43.6375,United Kingdom,3,Mới hoặc giá trị thấp
15406,39,2,510.71000000000004,254,9.636037735849058,United Kingdom,2,Ngủ quên / cần kích hoạt lại
15407,96,4,1056.44,558,6.90483660130719,United Kingdom,2,Ngủ quên / cần kích hoạt lại
15410,306,2,727.48,258,25.08551724137931,United Kingdom,2,Ngủ quên / cần kích hoạt lại
15411,66,2,382.21,155,17.373181818181816,United Kingdom,2,Ngủ quên / cần kích hoạt lại
15414,37,2,421.5,250,20.071428571428573,United Kingdom,2,Ngủ quên / cần kích hoạt lại
15416,156,3,3085.13,1568,20.033311688311688,United Kingdom,2,Ngủ quên / cần kích hoạt lại
15421,1,4,950.36,500,17.93132075471698,United Kingdom,0,Trung thành tiềm năng
15423,334,1,43.5,101,21.75,United Kingdom,3,Mới hoặc giá trị thấp
15426,183,3,749.67,342,4.571158536585366,United Kingdom,2,Ngủ quên / cần kích hoạt lại
15427,183,2,1112.11,711,5.032171945701357,United Kingdom,2,Ngủ quên / cần kích hoạt lại
15433,67,1,160.66,118,14.605454545454545,United Kingdom,3,Mới hoặc giá trị thấp
15434,122,2,454.20000000000005,168,19.747826086956525,United Kingdom,2,Ngủ quên / cần kích hoạt lại
15442,221,1,594.0,120,297.0,United Kingdom,2,Ngủ quên / cần kích hoạt lại
15443,121,1,379.51,181,6.900181818181818,United Kingdom,3,Mới hoặc giá trị thấp
15449,158,1,301.78,268,17.75176470588235,United Kingdom,3,Mới hoặc giá trị thấp
15450,91,1,429.84,376,14.328,United Kingdom,2,Ngủ quên / cần kích hoạt lại
15452,61,1,125.4,60,20.900000000000002,United Kingdom,3,Mới hoặc giá trị thấp
15453,121,4,910.59,531,5.087094972067039,United Kingdom,2,Ngủ quên / cần kích hoạt lại
15454,364,1,179.1,86,7.164,United Kingdom,3,Mới hoặc giá trị thấp
15456,342,2,204.0,226,6.0,United Kingdom,3,Mới hoặc giá trị thấp
15462,185,2,169.8,124,18.866666666666667,United Kingdom,3,Mới hoặc giá trị thấp
15463,61,1,126.14,106,18.02,United Kingdom,3,Mới hoặc giá trị thấp
15464,224,1,1048.85,350,6.680573248407643,United Kingdom,2,Ngủ quên / cần kích hoạt lại
15465,5,7,2168.66,416,63.78411764705882,United Kingdom,1,VIP / Giá trị cao
15467,65,1,288.42,181,9.614,United Kingdom,3,Mới hoặc giá trị thấp
15469,33,1,304.3,128,19.01875,United Kingdom,3,Mới hoặc giá trị thấp
15471,152,1,469.48,266,6.097142857142857,United Kingdom,3,Mới hoặc giá trị thấp
15473,1,6,1363.2,512,151.46666666666667,United Kingdom,1,VIP / Giá trị cao
15482,274,2,2629.3999999999996,994,175.29333333333332,United Kingdom,2,Ngủ quên / cần kích hoạt lại
15483,338,3,118.96,150,3.4988235294117644,United Kingdom,3,Mới hoặc giá trị thấp
15484,121,1,674.25,740,24.97222222222222,United Kingdom,2,Ngủ quên / cần kích hoạt lại
15485,91,3,2575.0,1306,29.941860465116278,United Kingdom,2,Ngủ quên / cần kích hoạt lại
15488,124,1,91.32000000000001,73,45.660000000000004,United Kingdom,3,Mới hoặc giá trị thấp
15489,6,1,348.26,220,15.141739130434782,United Kingdom,0,Trung thành tiềm năng
15491,216,2,921.6300000000001,532,26.332285714285717,United Kingdom,2,Ngủ quên / cần kích hoạt lại
15492,30,1,171.72,156,24.53142857142857,United Kingdom,3,Mới hoặc giá trị thấp
15493,153,3,1095.54,304,6.847125,United Kingdom,2,Ngủ quên / cần kích hoạt lại
15494,64,1,1127.38,1077,12.811136363636365,United Kingdom,2,Ngủ quên / cần kích hoạt lại
15498,6,12,6030.88,2795,29.134685990338166,United Kingdom,1,VIP / Giá trị cao
15500,333,1,266.26,120,16.64125,United Kingdom,3,Mới hoặc giá trị thấp
15502,32,10,9736.98,3879,51.247263157894736,United Kingdom,1,VIP / Giá trị cao
15503,364,1,147.09,74,2.1012857142857144,United Kingdom,3,Mới hoặc giá trị thấp
15505,157,2,1446.18,740,43.82363636363637,United Kingdom,2,Ngủ quên / cần kích hoạt lại
15508,250,4,481.8,175,8.922222222222222,United Kingdom,2,Ngủ quên / cần kích hoạt lại
15511,334,1,229.8,94,4.4192307692307695,United Kingdom,3,Mới hoặc giá trị thấp
15512,157,1,19.799999999999997,12,19.799999999999997,United Kingdom,3,Mới hoặc giá trị thấp
15513,6,10,7650.21,2369,55.84094890510949,United Kingdom,1,VIP / Giá trị cao
15514,183,6,2455.31,1233,21.166465517241377,United Kingdom,1,VIP / Giá trị cao
15518,40,6,1698.61,1113,8.846927083333332,United Kingdom,1,VIP / Giá trị cao
15520,121,1,343.5,314,19.083333333333332,United Kingdom,3,Mới hoặc giá trị thấp
15521,36,5,1401.8899999999999,572,13.744019607843136,United Kingdom,1,VIP / Giá trị cao
15522,153,1,138.94,257,9.262666666666666,United Kingdom,3,Mới hoặc giá trị thấp
15525,152,2,628.62,252,4.555217391304348,United Kingdom,2,Ngủ quên / cần kích hoạt lại
15526,183,2,148.44,24,37.11,United Kingdom,3,Mới hoặc giá trị thấp
15527,32,4,1485.64,635,17.478117647058824,United Kingdom,1,VIP / Giá trị cao
15529,99,5,1330.8,964,8.585806451612903,United Kingdom,2,Ngủ quên / cần kích hoạt lại
15530,160,1,553.13,324,10.243148148148148,United Kingdom,2,Ngủ quên / cần kích hoạt lại
15531,90,2,2007.44,1105,8.804561403508773,United Kingdom,2,Ngủ quên / cần kích hoạt lại
15533,32,1,449.65999999999997,150,13.626060606060605,United Kingdom,3,Mới hoặc giá trị thấp
15539,302,1,538.46,410,13.133170731707319,United Kingdom,2,Ngủ quên / cần kích hoạt lại
15544,3,6,2535.27,1985,13.778641304347826,United Kingdom,1,VIP / Giá trị cao
15545,638,1,135.32999999999998,75,4.365483870967742,United Kingdom,3,Mới hoặc giá trị thấp
15547,32,5,2498.7599999999998,2397,8.274039735099336,United Kingdom,1,VIP / Giá trị cao
15549,218,1,689.58,262,16.036744186046512,United Kingdom,2,Ngủ quên / cần kích hoạt lại
15550,39,2,280.25,139,11.677083333333334,United Kingdom,3,Mới hoặc giá trị thấp
15551,275,1,436.06,218,15.036551724137931,United Kingdom,3,Mới hoặc giá trị thấp
15552,189,1,90.12,60,5.301176470588236,United Kingdom,3,Mới hoặc giá trị thấp
15553,62,1,437.23,451,7.807678571428572,United Kingdom,2,Ngủ quên / cần kích hoạt lại
15554,161,1,217.2,74,15.514285714285714,United Kingdom,3,Mới hoặc giá trị thấp
15555,1,8,2536.88,2125,6.422481012658228,United Kingdom,1,VIP / Giá trị cao
15557,30,1,473.65000000000003,219,23.6825,United Kingdom,2,Ngủ quên / cần kích hoạt lại
15561,128,1,265.75,51,37.964285714285715,United Kingdom,3,Mới hoặc giá trị thấp
15568,152,1,335.77,180,19.751176470588234,United Kingdom,3,Mới hoặc giá trị thấp
15569,40,1,288.5,182,41.214285714285715,United Kingdom,3,Mới hoặc giá trị thấp
15570,70,5,1978.96,1104,12.446289308176102,United Kingdom,1,VIP / Giá trị cao
15571,183,1,196.43,102,6.336451612903226,United Kingdom,3,Mới hoặc giá trị thấp
15572,191,4,1071.02,516,10.500196078431372,United Kingdom,2,Ngủ quên / cần kích hoạt lại
15573,122,1,196.75,143,4.098958333333333,United Kingdom,3,Mới hoặc giá trị thấp
15574,667,1,375.65,176,3.1045454545454545,United Kingdom,3,Mới hoặc giá trị thấp
15576,303,1,940.6700000000001,404,20.90377777777778,United Kingdom,2,Ngủ quên / cần kích hoạt lại
15577,34,3,258.88,89,6.637948717948718,United Kingdom,3,Mới hoặc giá trị thấp
15579,304,1,149.0,64,5.96,United Kingdom,3,Mới hoặc giá trị thấp
15581,33,6,3390.01,166,55.57393442622951,United Kingdom,1,VIP / Giá trị cao
15582,281,1,303.61,255,13.800454545454546,United Kingdom,3,Mới hoặc giá trị thấp
15587,32,1,344.88,120,172.44,United Kingdom,2,Ngủ quên / cần kích hoạt lại
15589,312,1,184.95,125,15.4125,United Kingdom,3,Mới hoặc giá trị thấp
15594,91,2,702.86,372,18.496315789473684,United Kingdom,2,Ngủ quên / cần kích hoạt lại
15596,97,3,1014.54,426,18.787777777777777,United Kingdom,2,Ngủ quên / cần kích hoạt lại
15597,244,1,324.57,279,14.753181818181817,United Kingdom,3,Mới hoặc giá trị thấp
15601,32,5,2417.3,1544,16.223489932885908,United Kingdom,1,VIP / Giá trị cao
15602,30,4,458.43,445,28.651875,United Kingdom,2,Ngủ quên / cần kích hoạt lại
15605,32,4,1015.48,376,16.924666666666667,United Kingdom,2,Ngủ quên / cần kích hoạt lại
15606,3,4,1384.68,428,40.72588235294118,United Kingdom,0,Trung thành tiềm năng
15607,163,1,104.76,202,8.05846153846154,United Kingdom,3,Mới hoặc giá trị thấp
15608,30,4,1093.68,714,18.228,United Kingdom,2,Ngủ quên / cần kích hoạt lại
15609,127,1,298.48,148,18.655,United Kingdom,3,Mới hoặc giá trị thấp
15611,101,3,304.6,40,33.84444444444445,United Kingdom,3,Mới hoặc giá trị thấp
15612,92,2,195.15,52,32.525,United Kingdom,3,Mới hoặc giá trị thấp
15615,36,9,4307.32,2526,21.97612244897959,United Kingdom,1,VIP / Giá trị cao
15618,124,3,554.02,354,16.78848484848485,United Kingdom,2,Ngủ quên / cần kích hoạt lại
15620,281,1,450.52,205,15.535172413793102,United Kingdom,3,Mới hoặc giá trị thấp
15621,213,2,248.07,133,27.563333333333333,United Kingdom,3,Mới hoặc giá trị thấp
15622,311,1,576.0,222,19.862068965517242,United Kingdom,3,Mới hoặc giá trị thấp
15625,337,1,301.14,250,37.6425,United Kingdom,3,Mới hoặc giá trị thấp
15628,66,6,1872.98,1267,18.362549019607844,United Kingdom,1,VIP / Giá trị cao
15632,64,4,1745.52,1316,17.4552,United Kingdom,1,VIP / Giá trị cao
15636,32,2,724.76,284,28.9904,United Kingdom,2,Ngủ quên / cần kích hoạt lại
15640,40,7,5619.63,3096,26.25995327102804,United Kingdom,1,VIP / Giá trị cao
15641,311,1,453.79,309,14.638387096774194,United Kingdom,3,Mới hoặc giá trị thấp
15643,311,3,664.0,246,20.12121212121212,United Kingdom,2,Ngủ quên / cần kích hoạt lại
15646,160,3,447.64000000000004,394,12.789714285714288,United Kingdom,2,Ngủ quên / cần kích hoạt lại
15649,163,2,816.0,192,408.0,United Kingdom,2,Ngủ quên / cần kích hoạt lại
15651,275,2,418.98,241,26.18625,United Kingdom,2,Ngủ quên / cần kích hoạt lại
15652,93,1,337.74,208,16.082857142857144,United Kingdom,3,Mới hoặc giá trị thấp
15653,124,1,829.4399999999999,1152,414.71999999999997,United Kingdom,2,Ngủ quên / cần kích hoạt lại
15655,68,1,560.67,324,16.490294117647057,United Kingdom,2,Ngủ quên / cần kích hoạt lại
15656,281,1,63.910000000000004,11,15.977500000000001,United Kingdom,3,Mới hoặc giá trị thấp
15658,284,3,583.9000000000001,125,23.356000000000005,United Kingdom,2,Ngủ quên / cần kích hoạt lại
15660,342,2,364.3,218,19.173684210526318,United Kingdom,3,Mới hoặc giá trị thấp
15661,224,1,116.0,80,116.0,United Kingdom,3,Mới hoặc giá trị thấp
15665,68,1,1476.22,1174,19.17168831168831,United Kingdom,2,Ngủ quên / cần kích hoạt lại
15668,189,1,76.32000000000001,72,76.32000000000001,United Kingdom,3,Mới hoặc giá trị thấp
15671,37,3,1315.72,808,50.604615384615386,United Kingdom,2,Ngủ quên / cần kích hoạt lại
15673,2,3,1911.07,1116,18.73598039215686,United Kingdom,0,Trung thành tiềm năng
15674,67,3,1024.54,428,24.988780487804878,United Kingdom,2,Ngủ quên / cần kích hoạt lại
15675,156,2,225.39,485,14.086875,United Kingdom,2,Ngủ quên / cần kích hoạt lại
15676,244,2,3267.84,2182,16.67265306122449,United Kingdom,2,Ngủ quên / cần kích hoạt lại
15679,66,3,734.66,1080,6.930754716981132,United Kingdom,2,Ngủ quên / cần kích hoạt lại
15680,486,1,478.89,331,15.963,United Kingdom,3,Mới hoặc giá trị thấp
15681,30,4,1183.02,710,25.71782608695652,United Kingdom,1,VIP / Giá trị cao
15687,188,4,1469.42,724,18.36775,United Kingdom,2,Ngủ quên / cần kích hoạt lại
15689,3,1,150.6,28,50.199999999999996,United Kingdom,0,Trung thành tiềm năng
15690,213,1,128.76,204,11.705454545454545,United Kingdom,3,Mới hoặc giá trị thấp
15691,341,1,136.8,72,68.4,United Kingdom,3,Mới hoặc giá trị thấp
15692,30,1,191.04,138,15.92,United Kingdom,3,Mới hoặc giá trị thấp
15694,61,8,4404.57,1175,93.71425531914893,United Kingdom,1,VIP / Giá trị cao
15696,183,3,1262.1000000000001,432,14.50689655172414,United Kingdom,2,Ngủ quên / cần kích hoạt lại
15701,152,2,574.07,415,5.6281372549019615,United Kingdom,2,Ngủ quên / cần kích hoạt lại
15704,128,2,1507.32,662,20.36918918918919,United Kingdom,2,Ngủ quên / cần kích hoạt lại
15706,154,2,181.8,32,60.6,United Kingdom,3,Mới hoặc giá trị thấp
15707,184,2,496.17,394,4.2048305084745765,United Kingdom,2,Ngủ quên / cần kích hoạt lại
15708,101,3,1226.3,484,10.571551724137931,United Kingdom,2,Ngủ quên / cần kích hoạt lại
15709,342,1,133.25,121,22.208333333333332,United Kingdom,3,Mới hoặc giá trị thấp
15712,96,1,158.85,67,17.65,United Kingdom,3,Mới hoặc giá trị thấp
15713,486,1,171.15,59,19.016666666666666,United Kingdom,3,Mới hoặc giá trị thấp
15716,578,1,547.1,435,14.397368421052633,United Kingdom,2,Ngủ quên / cần kích hoạt lại
15719,153,10,3884.94,2057,5.433482517482518,United Kingdom,1,VIP / Giá trị cao
15722,219,3,1244.3600000000001,619,28.280909090909095,United Kingdom,2,Ngủ quên / cần kích hoạt lại
15723,425,1,203.1,87,4.953658536585365,United Kingdom,3,Mới hoặc giá trị thấp
15727,10,2,1339.2,666,17.16923076923077,United Kingdom,0,Trung thành tiềm năng
15729,36,1,85.0,28,17.0,United Kingdom,3,Mới hoặc giá trị thấp
15730,124,2,653.45,375,15.937804878048782,United Kingdom,2,Ngủ quên / cần kích hoạt lại
15732,36,2,294.12,215,21.00857142857143,United Kingdom,2,Ngủ quên / cần kích hoạt lại
15733,311,1,162.3,62,16.23,United Kingdom,3,Mới hoặc giá trị thấp
15737,37,4,729.73,371,16.58477272727273,United Kingdom,2,Ngủ quên / cần kích hoạt lại
15738,96,5,1549.43,1053,26.714310344827588,United Kingdom,1,VIP / Giá trị cao
15739,245,1,449.12,472,56.14,United Kingdom,2,Ngủ quên / cần kích hoạt lại
15743,127,2,460.11,138,9.39,United Kingdom,3,Mới hoặc giá trị thấp
15745,183,1,309.53000000000003,115,18.207647058823532,United Kingdom,3,Mới hoặc giá trị thấp
15747,33,1,306.82,161,11.80076923076923,United Kingdom,3,Mới hoặc giá trị thấp
15749,40,2,22998.4,9014,4599.68,United Kingdom,1,VIP / Giá trị cao
15750,152,5,1273.01,962,10.023700787401575,United Kingdom,2,Ngủ quên / cần kích hoạt lại
15752,155,4,1525.7,1117,6.780888888888889,United Kingdom,2,Ngủ quên / cần kích hoạt lại
15753,131,1,79.2,144,79.2,United Kingdom,3,Mới hoặc giá trị thấp
15754,160,1,91.8,36,15.299999999999999,United Kingdom,3,Mới hoặc giá trị thấp
15755,2,1,330.92,292,15.758095238095239,United Kingdom,0,Trung thành tiềm năng
15756,65,4,532.96,242,2.7758333333333334,United Kingdom,2,Ngủ quên / cần kích hoạt lại
15757,189,2,714.42,491,15.876,United Kingdom,2,Ngủ quên / cần kích hoạt lại
15759,220,1,68.0,8,68.0,United Kingdom,3,Mới hoặc giá trị thấp
15762,215,1,268.44,104,17.896,United Kingdom,3,Mới hoặc giá trị thấp
15763,122,1,564.4300000000001,84,20.158214285714287,United Kingdom,3,Mới hoặc giá trị thấp
15764,1,4,1697.8700000000001,873,18.06244680851064,United Kingdom,0,Trung thành tiềm năng
15766,184,1,315.06,170,28.64181818181818,United Kingdom,3,Mới hoặc giá trị thấp
15769,91,10,21802.68,11420,351.6561290322581,United Kingdom,1,VIP / Giá trị cao
15773,243,1,635.6800000000001,311,63.568000000000005,United Kingdom,2,Ngủ quên / cần kích hoạt lại
15774,304,1,270.8,87,10.832,United Kingdom,3,Mới hoặc giá trị thấp
15775,129,1,104.9,68,14.985714285714286,United Kingdom,3,Mới hoặc giá trị thấp
15777,7,1,293.96,129,20.997142857142855,United Kingdom,0,Trung thành tiềm năng
15780,37,2,298.13,155,17.53705882352941,United Kingdom,3,Mới hoặc giá trị thấp
15781,162,1,83.35,29,16.669999999999998,United Kingdom,3,Mới hoặc giá trị thấp
15782,32,1,1638.3400000000001,644,78.01619047619049,United Kingdom,2,Ngủ quên / cần kích hoạt lại
15785,153,3,998.5699999999999,858,26.27815789473684,United Kingdom,2,Ngủ quên / cần kích hoạt lại
15787,92,1,492.05,286,5.857738095238095,United Kingdom,3,Mới hoặc giá trị thấp
15796,70,4,1318.17,460,17.5756,United Kingdom,2,Ngủ quên / cần kích hoạt lại
15797,97,2,1825.2,728,304.2,United Kingdom,2,Ngủ quên / cần kích hoạt lại
15799,101,2,481.24,539,13.006486486486487,United Kingdom,2,Ngủ quên / cần kích hoạt lại
15800,160,1,244.5,108,17.464285714285715,United Kingdom,3,Mới hoặc giá trị thấp
15801,62,1,869.98,466,17.3996,United Kingdom,2,Ngủ quên / cần kích hoạt lại
15804,90,4,1392.63,1047,14.659263157894738,United Kingdom,2,Ngủ quên / cần kích hoạt lại
15805,122,6,1053.6100000000001,637,21.950208333333336,United Kingdom,2,Ngủ quên / cần kích hoạt lại
15806,130,2,521.88,413,22.690434782608694,United Kingdom,2,Ngủ quên / cần kích hoạt lại
15808,192,3,2506.57,924,15.099819277108434,United Kingdom,2,Ngủ quên / cần kích hoạt lại
15809,70,3,331.26,164,15.057272727272727,United Kingdom,2,Ngủ quên / cần kích hoạt lại
15811,455,1,289.85,95,18.115625,United Kingdom,3,Mới hoặc giá trị thấp
15812,34,2,822.48,289,25.7025,United Kingdom,2,Ngủ quên / cần kích hoạt lại
15814,275,1,456.23999999999995,228,28.514999999999997,United Kingdom,3,Mới hoặc giá trị thấp
15815,36,3,1192.98,1158,66.27666666666667,United Kingdom,2,Ngủ quên / cần kích hoạt lại
15819,130,1,639.64,522,15.600975609756098,United Kingdom,2,Ngủ quên / cần kích hoạt lại
15821,92,1,254.18,94,7.475882352941177,United Kingdom,3,Mới hoặc giá trị thấp
15822,182,1,445.27,215,26.19235294117647,United Kingdom,3,Mới hoặc giá trị thấp
15823,667,1,15.0,1,15.0,United Kingdom,3,Mới hoặc giá trị thấp
15827,96,8,874.96,332,15.908363636363637,United Kingdom,1,VIP / Giá trị cao
15829,336,1,310.7,576,12.427999999999999,United Kingdom,3,Mới hoặc giá trị thấp
15830,303,1,576.0,415,14.76923076923077,United Kingdom,2,Ngủ quên / cần kích hoạt lại
15831,1,2,491.82,797,9.643529411764705,United Kingdom,0,Trung thành tiềm năng
15834,160,2,1281.37,410,7.719096385542168,United Kingdom,2,Ngủ quên / cần kích hoạt lại
15837,184,1,391.98,189,16.3325,United Kingdom,3,Mới hoặc giá trị thấp
15838,64,9,23307.78,12994,217.8297196261682,United Kingdom,1,VIP / Giá trị cao
15839,183,1,258.13,135,19.856153846153845,United Kingdom,3,Mới hoặc giá trị thấp
15840,1,1,113.82,140,11.382,United Kingdom,0,Trung thành tiềm năng
15841,220,2,613.26,366,25.5525,United Kingdom,2,Ngủ quên / cần kích hoạt lại
15843,100,1,118.95000000000002,27,14.868750000000002,United Kingdom,3,Mới hoặc giá trị thấp
15845,193,2,643.84,376,22.20137931034483,United Kingdom,2,Ngủ quên / cần kích hoạt lại
15847,334,1,208.59,101,16.045384615384616,United Kingdom,3,Mới hoặc giá trị thấp
15852,188,1,57.5,10,57.5,United Kingdom,3,Mới hoặc giá trị thấp
15854,213,3,437.71,180,9.947954545454545,United Kingdom,2,Ngủ quên / cần kích hoạt lại
15855,96,1,132.18,68,6.609,United Kingdom,3,Mới hoặc giá trị thấp
15856,34,14,9479.69,5973,32.134542372881356,United Kingdom,1,VIP / Giá trị cao
15858,31,2,661.65,369,9.73014705882353,United Kingdom,2,Ngủ quên / cần kích hoạt lại
15860,156,4,622.16,304,6.618723404255319,United Kingdom,2,Ngủ quên / cần kích hoạt lại
15862,333,2,527.38,210,4.751171171171171,United Kingdom,3,Mới hoặc giá trị thấp
15864,245,2,1064.14,554,106.41400000000002,United Kingdom,2,Ngủ quên / cần kích hoạt lại
15865,2,2,603.85,312,19.479032258064517,United Kingdom,0,Trung thành tiềm năng
15867,37,5,1155.53,727,7.503441558441558,United Kingdom,1,VIP / Giá trị cao
15869,160,2,149.64,175,9.975999999999999,United Kingdom,3,Mới hoặc giá trị thấp
15870,153,1,354.09000000000003,335,4.659078947368421,United Kingdom,3,Mới hoặc giá trị thấp
15874,129,3,3480.1800000000003,2400,37.828043478260874,United Kingdom,1,VIP / Giá trị cao
15877,121,1,251.02,196,12.551,United Kingdom,3,Mới hoặc giá trị thấp
15880,578,1,343.28000000000003,211,3.2693333333333334,United Kingdom,3,Mới hoặc giá trị thấp
15881,425,1,114.45000000000002,55,38.150000000000006,United Kingdom,3,Mới hoặc giá trị thấp
15882,547,2,371.32000000000005,164,23.207500000000003,United Kingdom,3,Mới hoặc giá trị thấp
15883,152,2,396.48,223,8.091428571428573,United Kingdom,3,Mới hoặc giá trị thấp
15885,124,3,379.35,111,21.075000000000003,United Kingdom,2,Ngủ quên / cần kích hoạt lại
15886,62,1,181.09,147,15.090833333333334,United Kingdom,3,Mới hoặc giá trị thấp
15889,187,2,446.87,215,4.80505376344086,United Kingdom,3,Mới hoặc giá trị thấp
15894,578,1,156.74,115,4.124736842105263,United Kingdom,3,Mới hoặc giá trị thấp
15898,121,3,907.58,376,11.941842105263158,United Kingdom,2,Ngủ quên / cần kích hoạt lại
15899,547,1,56.25,39,14.0625,United Kingdom,3,Mới hoặc giá trị thấp
15901,126,1,110.49,209,4.60375,United Kingdom,3,Mới hoặc giá trị thấp
15903,30,1,1405.2,456,156.13333333333333,United Kingdom,2,Ngủ quên / cần kích hoạt lại
15904,333,1,164.68,84,5.489333333333334,United Kingdom,3,Mới hoặc giá trị thấp
15906,250,2,862.32,334,10.026976744186047,United Kingdom,2,Ngủ quên / cần kích hoạt lại
15907,182,1,437.93,253,3.4756349206349206,United Kingdom,3,Mới hoặc giá trị thấp
15910,90,4,553.4,452,4.770689655172413,United Kingdom,2,Ngủ quên / cần kích hoạt lại
15916,91,5,878.2,375,11.116455696202532,United Kingdom,2,Ngủ quên / cần kích hoạt lại
15917,190,1,123.1,42,10.258333333333333,United Kingdom,3,Mới hoặc giá trị thấp
15918,308,1,192.23,87,10.679444444444444,United Kingdom,3,Mới hoặc giá trị thấp
15919,547,1,270.72,242,5.524897959183674,United Kingdom,3,Mới hoặc giá trị thấp
15920,126,4,167.5,99,2.7916666666666665,United Kingdom,3,Mới hoặc giá trị thấp
15922,698,1,369.5,138,33.59090909090909,United Kingdom,3,Mới hoặc giá trị thấp
15923,667,1,127.08,122,6.051428571428572,United Kingdom,3,Mới hoặc giá trị thấp
15930,276,1,426.63,139,20.315714285714286,United Kingdom,3,Mới hoặc giá trị thấp
15932,2,4,1226.1,1258,21.139655172413793,United Kingdom,0,Trung thành tiềm năng
15935,7,1,308.82,1,308.82,United Kingdom,0,Trung thành tiềm năng
15937,184,1,145.35,73,20.764285714285712,United Kingdom,3,Mới hoặc giá trị thấp
15938,221,1,105.0,84,35.0,United Kingdom,3,Mới hoặc giá trị thấp
15939,5,6,3563.13,2247,82.86348837209303,United Kingdom,1,VIP / Giá trị cao
15940,343,1,35.8,4,35.8,United Kingdom,3,Mới hoặc giá trị thấp
15944,130,1,325.1,50,54.18333333333334,United Kingdom,3,Mới hoặc giá trị thấp
15945,455,1,181.0,52,90.5,United Kingdom,3,Mới hoặc giá trị thấp
15948,333,1,311.0,128,15.55,United Kingdom,3,Mới hoặc giá trị thấp
15950,122,1,418.29,161,19.91857142857143,United Kingdom,3,Mới hoặc giá trị thấp
15951,333,1,333.05,139,17.528947368421054,United Kingdom,3,Mới hoặc giá trị thấp
15952,183,3,573.92,276,7.453506493506493,United Kingdom,2,Ngủ quên / cần kích hoạt lại
15953,6,5,1077.83,637,16.84109375,United Kingdom,0,Trung thành tiềm năng
15955,31,7,2062.4900000000002,951,24.84927710843374,United Kingdom,1,VIP / Giá trị cao
15957,122,1,428.89,211,10.211666666666666,United Kingdom,3,Mới hoặc giá trị thấp
15965,30,3,695.09,366,6.37697247706422,United Kingdom,2,Ngủ quên / cần kích hoạt lại
15969,152,2,443.7,76,31.692857142857143,United Kingdom,3,Mới hoặc giá trị thấp
15970,100,1,314.1,116,28.55454545454546,United Kingdom,3,Mới hoặc giá trị thấp
15971,2,6,1680.95,817,88.47105263157896,United Kingdom,1,VIP / Giá trị cao
15973,486,1,307.82000000000005,106,76.95500000000001,United Kingdom,3,Mới hoặc giá trị thấp
15974,6,4,1633.49,1250,16.66826530612245,United Kingdom,1,VIP / Giá trị cao
15976,281,1,209.99,125,4.1998,United Kingdom,3,Mới hoặc giá trị thấp
15980,2,2,1638.68,968,71.24695652173914,United Kingdom,0,Trung thành tiềm năng
15981,7,2,790.8,396,49.425,United Kingdom,0,Trung thành tiềm năng
15983,455,2,823.55,560,14.706249999999999,United Kingdom,2,Ngủ quên / cần kích hoạt lại
15984,152,5,1210.65,974,11.530000000000001,United Kingdom,2,Ngủ quên / cần kích hoạt lại
15985,125,1,242.84,208,24.284,United Kingdom,3,Mới hoặc giá trị thấp
15986,91,1,168.12,268,12.008571428571429,United Kingdom,3,Mới hoặc giá trị thấp
15987,33,3,525.8900000000001,223,35.05933333333334,United Kingdom,2,Ngủ quên / cần kích hoạt lại
15992,182,1,41.989999999999995,17,13.996666666666664,United Kingdom,3,Mới hoặc giá trị thấp
15993,183,3,675.3199999999999,441,4.657379310344827,United Kingdom,2,Ngủ quên / cần kích hoạt lại
15996,2,2,416.07,139,8.3214,United Kingdom,0,Trung thành tiềm năng
15998,275,2,1442.6,849,7.0370731707317065,United Kingdom,2,Ngủ quên / cần kích hoạt lại
16000,152,3,12393.7,5110,1377.0777777777778,United Kingdom,1,VIP / Giá trị cao
16003,61,2,941.47,590,20.921555555555557,United Kingdom,2,Ngủ quên / cần kích hoạt lại
16005,66,1,120.49000000000001,45,4.634230769230769,United Kingdom,3,Mới hoặc giá trị thấp
16006,6,1,101.4,84,12.675,United Kingdom,0,Trung thành tiềm năng
16007,5,3,1485.19,1181,4.598111455108359,United Kingdom,0,Trung thành tiềm năng
16009,153,2,544.95,236,7.897826086956522,United Kingdom,2,Ngủ quên / cần kích hoạt lại
16010,129,3,407.5,210,4.738372093023256,United Kingdom,2,Ngủ quên / cần kích hoạt lại
16011,3,9,2203.31,1338,15.626312056737587,United Kingdom,1,VIP / Giá trị cao
16012,156,3,1415.29,799,15.05627659574468,United Kingdom,2,Ngủ quên / cần kích hoạt lại
16013,3,26,19403.16,7444,236.6239024390244,United Kingdom,1,VIP / Giá trị cao
16014,65,2,399.45,159,4.812650602409638,United Kingdom,3,Mới hoặc giá trị thấp
16015,182,1,203.1,276,4.953658536585365,United Kingdom,3,Mới hoặc giá trị thấp
16016,182,3,810.06,345,5.912846715328467,United Kingdom,2,Ngủ quên / cần kích hoạt lại
16018,5,1,161.9,44,10.793333333333333,United Kingdom,0,Trung thành tiềm năng
16019,163,2,723.35,250,28.934,United Kingdom,2,Ngủ quên / cần kích hoạt lại
16020,215,1,518.8,290,19.95384615384615,United Kingdom,2,Ngủ quên / cần kích hoạt lại
16025,61,1,439.65999999999997,338,15.702142857142857,United Kingdom,2,Ngủ quên / cần kích hoạt lại
16027,70,3,595.87,654,85.12428571428572,United Kingdom,2,Ngủ quên / cần kích hoạt lại
16029,31,33,48851.67,22697,428.5234210526316,United Kingdom,1,VIP / Giá trị cao
16030,284,1,331.24,283,11.422068965517242,United Kingdom,3,Mới hoặc giá trị thấp
16031,124,2,548.94,423,5.489400000000001,United Kingdom,2,Ngủ quên / cần kích hoạt lại
16033,6,9,4345.99,1771,7.816528776978417,United Kingdom,1,VIP / Giá trị cao
16034,40,1,153.6,128,17.066666666666666,United Kingdom,3,Mới hoặc giá trị thấp
16037,131,1,303.00000000000006,80,33.66666666666667,United Kingdom,3,Mới hoặc giá trị thấp
16038,302,1,78.45,15,26.150000000000002,United Kingdom,3,Mới hoặc giá trị thấp
16040,215,1,437.37,175,23.019473684210528,United Kingdom,3,Mới hoặc giá trị thấp
16041,91,1,426.6,540,426.6,United Kingdom,2,Ngủ quên / cần kích hoạt lại
16042,40,1,24.95,5,12.475,United Kingdom,3,Mới hoặc giá trị thấp
16043,6,3,466.14000000000004,348,21.18818181818182,United Kingdom,0,Trung thành tiềm năng
16045,3,2,406.85,302,16.952083333333334,United Kingdom,0,Trung thành tiềm năng
16048,698,2,256.44,144,32.055,United Kingdom,3,Mới hoặc giá trị thấp
16053,94,2,1511.95,1793,17.999404761904763,United Kingdom,2,Ngủ quên / cần kích hoạt lại
16055,281,1,134.8,22,16.85,United Kingdom,3,Mới hoặc giá trị thấp
16057,6,5,860.25,403,20.00581395348837,United Kingdom,0,Trung thành tiềm năng
16059,215,2,223.55,91,9.314583333333333,United Kingdom,3,Mới hoặc giá trị thấp
16062,7,2,578.18,333,22.237692307692306,United Kingdom,0,Trung thành tiềm năng
16065,455,1,372.09,231,5.028243243243243,United Kingdom,3,Mới hoặc giá trị thấp
16066,92,3,1071.82,775,17.287419354838708,United Kingdom,2,Ngủ quên / cần kích hoạt lại
16070,153,1,686.85,251,36.15,United Kingdom,2,Ngủ quên / cần kích hoạt lại
16076,31,5,1192.3,770,16.332876712328765,United Kingdom,1,VIP / Giá trị cao
16078,342,1,79.2,16,79.2,United Kingdom,3,Mới hoặc giá trị thấp
16080,69,1,130.26,66,26.052,United Kingdom,3,Mới hoặc giá trị thấp
16081,158,2,581.84,235,13.531162790697675,United Kingdom,2,Ngủ quên / cần kích hoạt lại
16085,1,1,120.33,97,5.7299999999999995,United Kingdom,0,Trung thành tiềm năng
16086,31,3,711.59,339,29.649583333333336,United Kingdom,2,Ngủ quên / cần kích hoạt lại
16091,126,1,157.81,71,19.72625,United Kingdom,3,Mới hoặc giá trị thấp
16094,61,3,761.3,538,15.225999999999999,United Kingdom,2,Ngủ quên / cần kích hoạt lại
16098,158,4,1132.79,377,28.31975,United Kingdom,2,Ngủ quên / cần kích hoạt lại
16102,278,2,1392.8400000000001,776,28.425306122448983,United Kingdom,2,Ngủ quên / cần kích hoạt lại
16103,188,3,638.44,220,29.020000000000003,United Kingdom,2,Ngủ quên / cần kích hoạt lại
16104,92,1,302.36,123,10.426206896551724,United Kingdom,3,Mới hoặc giá trị thấp
16105,221,1,336.96,330,25.919999999999998,United Kingdom,3,Mới hoặc giá trị thấp
16106,215,1,108.38,74,18.063333333333333,United Kingdom,3,Mới hoặc giá trị thấp
16107,30,3,1353.74,346,75.20777777777778,United Kingdom,2,Ngủ quên / cần kích hoạt lại
16109,220,2,611.88,612,33.99333333333333,United Kingdom,2,Ngủ quên / cần kích hoạt lại
16110,343,1,409.7,210,3.5626086956521736,United Kingdom,3,Mới hoặc giá trị thấp
16112,71,3,159.18,534,13.265,United Kingdom,2,Ngủ quên / cần kích hoạt lại
16113,96,1,161.38,176,5.379333333333333,United Kingdom,3,Mới hoặc giá trị thấp
16115,5,2,314.7,182,6.051923076923076,United Kingdom,0,Trung thành tiềm năng
16116,6,1,612.78,248,18.02294117647059,United Kingdom,0,Trung thành tiềm năng
16117,280,1,232.21,130,7.740333333333334,United Kingdom,3,Mới hoặc giá trị thấp
16119,333,1,113.88000000000001,68,22.776000000000003,United Kingdom,3,Mới hoặc giá trị thấp
16120,31,4,1309.14,878,43.638000000000005,United Kingdom,1,VIP / Giá trị cao
16121,128,1,287.89,142,3.890405405405405,United Kingdom,3,Mới hoặc giá trị thấp
16122,40,2,249.84,446,13.149473684210527,United Kingdom,2,Ngủ quên / cần kích hoạt lại
16125,517,1,289.35,124,22.25769230769231,United Kingdom,3,Mới hoặc giá trị thấp
16126,61,2,3533.7200000000003,1304,55.214375000000004,United Kingdom,2,Ngủ quên / cần kích hoạt lại
16128,275,2,666.82,284,22.993793103448276,United Kingdom,2,Ngủ quên / cần kích hoạt lại
16133,30,14,5523.83,3879,37.57707482993197,United Kingdom,1,VIP / Giá trị cao
16136,31,2,566.04,326,18.868,United Kingdom,2,Ngủ quên / cần kích hoạt lại
16140,215,2,725.18,730,20.71942857142857,United Kingdom,2,Ngủ quên / cần kích hoạt lại
16141,2,1,620.4,238,20.68,United Kingdom,0,Trung thành tiềm năng
16142,251,1,535.34,422,14.46864864864865,United Kingdom,2,Ngủ quên / cần kích hoạt lại
16143,36,4,1594.15,659,18.97797619047619,United Kingdom,1,VIP / Giá trị cao
16144,160,1,175.2,16,175.2,United Kingdom,3,Mới hoặc giá trị thấp
16145,4,5,1686.04,1363,16.69346534653465,United Kingdom,1,VIP / Giá trị cao
16146,218,1,75.0,60,75.0,United Kingdom,3,Mới hoặc giá trị thấp
16149,213,1,116.84,140,16.69142857142857,United Kingdom,3,Mới hoặc giá trị thấp
16150,2,3,1177.47,612,17.57417910447761,United Kingdom,0,Trung thành tiềm năng
16153,158,2,485.09000000000003,333,17.32464285714286,United Kingdom,2,Ngủ quên / cần kích hoạt lại
16156,34,4,1004.0500000000001,447,20.917708333333334,United Kingdom,2,Ngủ quên / cần kích hoạt lại
16159,283,1,348.2,236,24.87142857142857,United Kingdom,3,Mới hoặc giá trị thấp
16160,215,1,223.49999999999997,150,44.699999999999996,United Kingdom,3,Mới hoặc giá trị thấp
16161,31,6,1585.57,720,9.972138364779873,United Kingdom,1,VIP / Giá trị cao
16162,341,1,37.4,4,18.7,United Kingdom,3,Mới hoặc giá trị thấp
16163,455,1,441.6,92,88.32000000000001,United Kingdom,3,Mới hoặc giá trị thấp
16168,4,12,2104.78,1128,44.78255319148936,United Kingdom,1,VIP / Giá trị cao
16169,61,2,918.17,659,20.8675,United Kingdom,2,Ngủ quên / cần kích hoạt lại
16170,96,2,635.31,434,17.17054054054054,United Kingdom,2,Ngủ quên / cần kích hoạt lại
16171,31,1,73.2,24,24.400000000000002,United Kingdom,3,Mới hoặc giá trị thấp
16172,7,4,788.24,572,16.771063829787234,United Kingdom,0,Trung thành tiềm năng
16173,93,3,747.7,269,16.254347826086956,United Kingdom,2,Ngủ quên / cần kích hoạt lại
16174,34,2,626.35,435,29.826190476190476,United Kingdom,2,Ngủ quên / cần kích hoạt lại
16175,185,1,300.7,164,18.79375,United Kingdom,3,Mới hoặc giá trị thấp
16179,62,1,215.83,99,19.62090909090909,United Kingdom,3,Mới hoặc giá trị thấp
16180,247,2,2730.88,1540,60.68622222222223,United Kingdom,2,Ngủ quên / cần kích hoạt lại
16182,337,1,2327.0,1300,332.42857142857144,United Kingdom,2,Ngủ quên / cần kích hoạt lại
16183,276,1,338.71000000000004,113,22.58066666666667,United Kingdom,3,Mới hoặc giá trị thấp
16184,6,3,620.88,256,22.995555555555555,United Kingdom,0,Trung thành tiềm năng
16186,6,7,2402.92,1906,17.668529411764705,United Kingdom,1,VIP / Giá trị cao
16187,122,4,1533.56,1146,25.55933333333333,United Kingdom,2,Ngủ quên / cần kích hoạt lại
16188,37,1,151.65,71,16.85,United Kingdom,3,Mới hoặc giá trị thấp
16191,39,4,1606.8400000000001,759,48.692121212121215,United Kingdom,1,VIP / Giá trị cao
16200,213,1,530.05,292,4.380578512396694,United Kingdom,3,Mới hoặc giá trị thấp
16201,182,1,509.4,336,16.98,United Kingdom,2,Ngủ quên / cần kích hoạt lại
16203,1,2,385.3,174,17.513636363636365,United Kingdom,0,Trung thành tiềm năng
16205,91,3,649.03,453,9.141267605633802,United Kingdom,2,Ngủ quên / cần kích hoạt lại
16206,156,1,121.11,50,8.650714285714285,United Kingdom,3,Mới hoặc giá trị thấp
16209,2,4,926.42,770,21.544651162790696,United Kingdom,0,Trung thành tiềm năng
16210,67,11,15447.19,5237,214.54430555555555,United Kingdom,1,VIP / Giá trị cao
16211,2,1,547.02,154,23.783478260869565,United Kingdom,0,Trung thành tiềm năng
16212,342,1,498.15000000000003,151,16.605,United Kingdom,3,Mới hoặc giá trị thấp
16214,341,1,206.7,34,41.339999999999996,United Kingdom,3,Mới hoặc giá trị thấp
16217,311,1,183.0,60,16.636363636363637,United Kingdom,3,Mới hoặc giá trị thấp
16218,61,2,920.5,774,23.0125,United Kingdom,2,Ngủ quên / cần kích hoạt lại
16221,99,3,864.86,717,8.916082474226805,United Kingdom,2,Ngủ quên / cần kích hoạt lại
16224,251,1,167.47,79,11.962142857142856,United Kingdom,3,Mới hoặc giá trị thấp
16225,161,2,416.61,200,6.612857142857143,United Kingdom,3,Mới hoặc giá trị thấp
16229,36,1,358.2,92,29.849999999999998,United Kingdom,3,Mới hoặc giá trị thấp
16230,280,2,542.03,365,15.486571428571429,United Kingdom,2,Ngủ quên / cần kích hoạt lại
16232,128,2,366.47,231,19.287894736842105,United Kingdom,2,Ngủ quên / cần kích hoạt lại
16233,486,1,147.39999999999998,12,73.69999999999999,United Kingdom,3,Mới hoặc giá trị thấp
16235,40,2,429.5,190,17.895833333333332,United Kingdom,2,Ngủ quên / cần kích hoạt lại
16239,280,1,347.9,182,23.19333333333333,United Kingdom,3,Mới hoặc giá trị thấp
16241,1,9,1445.4,703,4.177456647398844,United Kingdom,1,VIP / Giá trị cao
16242,97,5,2615.32,1482,12.052165898617512,United Kingdom,1,VIP / Giá trị cao
16243,183,1,194.15,65,5.710294117647059,United Kingdom,3,Mới hoặc giá trị thấp
16244,6,2,1522.75,855,16.733516483516482,United Kingdom,0,Trung thành tiềm năng
16245,64,1,315.72,172,15.034285714285716,United Kingdom,3,Mới hoặc giá trị thấp
16248,92,1,152.94,78,21.84857142857143,United Kingdom,3,Mới hoặc giá trị thấp
16250,698,1,226.14,108,16.15285714285714,United Kingdom,3,Mới hoặc giá trị thấp
16253,245,1,1983.46,1893,28.33514285714286,United Kingdom,2,Ngủ quên / cần kích hoạt lại
16255,160,5,1446.71,920,9.908972602739727,United Kingdom,2,Ngủ quên / cần kích hoạt lại
16258,247,2,1787.26,588,43.59170731707317,United Kingdom,2,Ngủ quên / cần kích hoạt lại
16261,159,1,254.96,139,4.552857142857143,United Kingdom,3,Mới hoặc giá trị thấp
16265,131,4,2394.36,1155,19.953,United Kingdom,2,Ngủ quên / cần kích hoạt lại
16271,152,2,314.42,202,18.49529411764706,United Kingdom,3,Mới hoặc giá trị thấp
16274,698,1,357.95,155,5.342537313432835,United Kingdom,3,Mới hoặc giá trị thấp
16282,254,1,168.3,114,15.3,United Kingdom,3,Mới hoặc giá trị thấp
16283,33,4,1293.0,1076,9.946153846153846,United Kingdom,1,VIP / Giá trị cao
16284,122,1,424.57,298,7.44859649122807,United Kingdom,3,Mới hoặc giá trị thấp
16292,64,1,302.25,191,17.779411764705884,United Kingdom,3,Mới hoặc giá trị thấp
16293,93,3,703.34,319,20.095428571428574,United Kingdom,2,Ngủ quên / cần kích hoạt lại
16295,1,2,692.3,583,16.099999999999998,United Kingdom,0,Trung thành tiềm năng
16298,188,1,114.3,50,16.32857142857143,United Kingdom,3,Mới hoặc giá trị thấp
16302,217,1,233.22,158,21.201818181818183,United Kingdom,3,Mới hoặc giá trị thấp
16303,71,1,827.1800000000001,418,23.633714285714287,United Kingdom,2,Ngủ quên / cần kích hoạt lại
16306,39,4,616.35,473,16.65810810810811,United Kingdom,2,Ngủ quên / cần kích hoạt lại
16308,189,2,1600.0,5000,800.0,United Kingdom,2,Ngủ quên / cần kích hoạt lại
16313,182,1,106.53,99,17.755,United Kingdom,3,Mới hoặc giá trị thấp
16316,99,5,1586.77,535,25.186825396825398,United Kingdom,2,Ngủ quên / cần kích hoạt lại
16317,3,2,770.89,508,19.766410256410257,United Kingdom,0,Trung thành tiềm năng
16318,244,1,328.15,199,17.271052631578947,United Kingdom,3,Mới hoặc giá trị thấp
16319,189,1,404.40000000000003,72,134.8,United Kingdom,3,Mới hoặc giá trị thấp
16320,67,1,852.68,654,18.142127659574466,Unspecified,2,Ngủ quên / cần kích hoạt lại
16321,162,2,135.9,42,33.975,Australia,3,Mới hoặc giá trị thấp
16322,121,2,326.75,231,8.83108108108108,United Kingdom,3,Mới hoặc giá trị thấp
16324,278,2,262.12,185,3.912238805970149,United Kingdom,3,Mới hoặc giá trị thấp
16325,129,2,416.02000000000004,120,32.001538461538466,United Kingdom,3,Mới hoặc giá trị thấp
16326,92,7,1727.69,424,9.440928961748634,United Kingdom,1,VIP / Giá trị cao
16327,578,1,535.6,392,8.115151515151515,United Kingdom,3,Mới hoặc giá trị thấp
16332,30,5,991.51,451,10.661397849462366,United Kingdom,2,Ngủ quên / cần kích hoạt lại
16333,125,14,20637.36,22704,687.912,United Kingdom,1,VIP / Giá trị cao
16337,275,1,151.05,87,15.105,United Kingdom,3,Mới hoặc giá trị thấp
16338,218,1,214.79999999999998,94,19.527272727272727,United Kingdom,3,Mới hoặc giá trị thấp
16344,248,1,101.10000000000001,18,50.550000000000004,United Kingdom,3,Mới hoặc giá trị thấp
16347,275,1,444.29,162,8.544038461538461,United Kingdom,3,Mới hoặc giá trị thấp
16348,153,4,738.35,420,6.102066115702479,United Kingdom,2,Ngủ quên / cần kích hoạt lại
16350,71,2,812.17,407,18.88767441860465,United Kingdom,2,Ngủ quên / cần kích hoạt lại
16351,40,1,153.9,90,19.2375,United Kingdom,3,Mới hoặc giá trị thấp
16352,303,1,204.92000000000002,144,14.637142857142859,United Kingdom,3,Mới hoặc giá trị thấp
16353,10,12,3404.21,1076,79.16767441860465,United Kingdom,1,VIP / Giá trị cao
16354,154,1,29.700000000000003,6,29.700000000000003,United Kingdom,3,Mới hoặc giá trị thấp
16356,161,1,102.0,44,6.8,United Kingdom,3,Mới hoặc giá trị thấp
16357,67,2,538.83,213,18.58034482758621,United Kingdom,2,Ngủ quên / cần kích hoạt lại
16358,121,3,1355.1000000000001,1004,15.575862068965519,United Kingdom,2,Ngủ quên / cần kích hoạt lại
16359,10,8,1520.35,1044,26.212931034482757,United Kingdom,1,VIP / Giá trị cao
16360,2,4,2512.77,1545,5.621409395973155,United Kingdom,0,Trung thành tiềm năng
16362,31,5,734.77,351,9.071234567901234,United Kingdom,2,Ngủ quên / cần kích hoạt lại
16365,4,5,619.22,251,15.877435897435898,United Kingdom,0,Trung thành tiềm năng
16367,303,2,804.49,647,6.188384615384615,United Kingdom,2,Ngủ quên / cần kích hoạt lại
16368,30,2,497.43,260,6.545131578947369,United Kingdom,2,Ngủ quên / cần kích hoạt lại
16370,66,1,271.04,158,5.892173913043479,United Kingdom,3,Mới hoặc giá trị thấp
16372,183,2,367.93,166,3.7930927835051547,United Kingdom,3,Mới hoặc giá trị thấp
16374,245,1,316.73,188,3.7705952380952383,United Kingdom,3,Mới hoặc giá trị thấp
16376,333,1,112.75999999999999,36,5.934736842105263,United Kingdom,3,Mới hoặc giá trị thấp
16378,190,2,220.1,158,16.93076923076923,United Kingdom,3,Mới hoặc giá trị thấp
16379,213,2,1225.44,808,20.770169491525426,United Kingdom,2,Ngủ quên / cần kích hoạt lại
16380,92,1,1780.59,1524,55.6434375,United Kingdom,2,Ngủ quên / cần kích hoạt lại
16384,32,1,175.4,60,19.48888888888889,United Kingdom,3,Mới hoặc giá trị thấp
16385,62,3,555.89,261,9.42186440677966,United Kingdom,2,Ngủ quên / cần kích hoạt lại
16386,30,1,256.1,198,3.048809523809524,United Kingdom,3,Mới hoặc giá trị thấp
16389,342,1,119.65,59,19.941666666666666,United Kingdom,3,Mới hoặc giá trị thấp
16393,128,7,1576.33,849,9.730432098765432,United Kingdom,1,VIP / Giá trị cao
16394,221,1,306.89,403,12.787083333333333,United Kingdom,3,Mới hoặc giá trị thấp
16395,62,1,214.69,276,3.8337499999999998,United Kingdom,3,Mới hoặc giá trị thấp
16398,126,1,535.85,255,28.20263157894737,United Kingdom,2,Ngủ quên / cần kích hoạt lại
16400,185,1,303.93,172,10.480344827586206,United Kingdom,3,Mới hoặc giá trị thấp
16401,120,2,789.8299999999999,885,18.36813953488372,United Kingdom,2,Ngủ quên / cần kích hoạt lại
16402,578,1,211.8,105,3.7157894736842105,United Kingdom,3,Mới hoặc giá trị thấp
16405,70,2,167.25,187,33.45,United Kingdom,3,Mới hoặc giá trị thấp
16407,37,1,60.0,48,20.0,United Kingdom,3,Mới hoặc giá trị thấp
16409,4,3,1376.56,999,8.34278787878788,United Kingdom,0,Trung thành tiềm năng
16411,578,1,131.5,70,6.261904761904762,United Kingdom,3,Mới hoặc giá trị thấp
16414,252,1,50.8,16,16.933333333333334,United Kingdom,3,Mới hoặc giá trị thấp
16418,124,1,222.45000000000002,87,6.740909090909091,United Kingdom,3,Mới hoặc giá trị thấp
16419,99,3,629.02,281,17.971999999999998,United Kingdom,2,Ngủ quên / cần kích hoạt lại
16422,31,20,14663.57,11147,96.47085526315789,United Kingdom,1,VIP / Giá trị cao
16424,339,1,133.56,88,26.712,United Kingdom,3,Mới hoặc giá trị thấp
16425,70,1,302.7,199,14.414285714285715,United Kingdom,3,Mới hoặc giá trị thấp
16426,124,8,1466.06,1023,5.9354655870445345,United Kingdom,1,VIP / Giá trị cao
16431,67,1,298.88,249,9.056969696969697,United Kingdom,3,Mới hoặc giá trị thấp
16432,184,1,287.4,276,35.925,United Kingdom,3,Mới hoặc giá trị thấp
16433,30,1,184.26,106,10.838823529411764,United Kingdom,3,Mới hoặc giá trị thấp
16434,61,3,601.1,229,12.26734693877551,United Kingdom,2,Ngủ quên / cần kích hoạt lại
16438,243,2,264.72,154,6.302857142857143,United Kingdom,3,Mới hoặc giá trị thấp
16440,61,4,2537.31,1476,12.257536231884057,United Kingdom,1,VIP / Giá trị cao
16441,275,1,170.2,63,15.47272727272727,United Kingdom,3,Mới hoặc giá trị thấp
16442,121,1,179.76,92,2.4966666666666666,United Kingdom,3,Mới hoặc giá trị thấp
16444,216,1,301.32,203,12.0528,United Kingdom,3,Mới hoặc giá trị thấp
16445,183,1,230.51,111,3.658888888888889,United Kingdom,3,Mới hoặc giá trị thấp
16446,90,1,168469.6,80995,168469.6,United Kingdom,1,VIP / Giá trị cao
16449,252,1,416.69,237,18.11695652173913,United Kingdom,3,Mới hoặc giá trị thấp
16454,184,1,5.9,2,5.9,United Kingdom,3,Mới hoặc giá trị thấp
16455,154,4,1088.7,626,18.452542372881357,United Kingdom,2,Ngủ quên / cần kích hoạt lại
16456,192,3,1694.28,859,22.895675675675676,United Kingdom,2,Ngủ quên / cần kích hoạt lại
16457,220,1,208.36,140,23.151111111111113,United Kingdom,3,Mới hoặc giá trị thấp
16458,2,8,1587.22,978,18.036590909090908,United Kingdom,1,VIP / Giá trị cao
16460,30,1,302.62,140,17.801176470588235,United Kingdom,3,Mới hoặc giá trị thấp
16462,158,2,68.0,8,34.0,United Kingdom,3,Mới hoặc giá trị thấp
16466,5,2,440.63,247,12.239722222222222,United Kingdom,0,Trung thành tiềm năng
16469,160,2,276.88,114,4.012753623188406,United Kingdom,3,Mới hoặc giá trị thấp
16471,69,1,223.95000000000002,141,17.22692307692308,United Kingdom,3,Mới hoặc giá trị thấp
16473,163,1,149.41,79,18.67625,United Kingdom,3,Mới hoặc giá trị thấp
16474,32,4,824.9300000000001,352,6.706747967479675,United Kingdom,2,Ngủ quên / cần kích hoạt lại
16475,2,2,395.0,193,18.80952380952381,United Kingdom,0,Trung thành tiềm năng
16477,69,4,1311.65,770,17.034415584415587,United Kingdom,2,Ngủ quên / cần kích hoạt lại
16478,184,2,235.9,174,19.658333333333335,United Kingdom,3,Mới hoặc giá trị thấp
16484,308,1,285.7,152,15.872222222222222,United Kingdom,3,Mới hoặc giá trị thấp
16488,183,1,144.23000000000002,109,20.604285714285716,United Kingdom,3,Mới hoặc giá trị thấp
16495,130,3,684.41,337,7.055773195876288,United Kingdom,2,Ngủ quên / cần kích hoạt lại
16496,333,1,414.48,327,17.27,United Kingdom,3,Mới hoặc giá trị thấp
16497,71,1,279.3,94,18.62,United Kingdom,3,Mới hoặc giá trị thấp
16498,338,1,9.75,3,9.75,United Kingdom,3,Mới hoặc giá trị thấp
16499,425,1,218.10000000000002,68,21.810000000000002,United Kingdom,3,Mới hoặc giá trị thấp
16500,213,3,138.06,78,27.612000000000002,United Kingdom,3,Mới hoặc giá trị thấp
16503,97,1,251.6,108,15.725,United Kingdom,3,Mới hoặc giá trị thấp
16505,122,1,777.6,576,194.4,United Kingdom,2,Ngủ quên / cần kích hoạt lại
16510,667,1,248.1,92,19.084615384615383,United Kingdom,3,Mới hoặc giá trị thấp
16513,213,2,211.8,68,70.60000000000001,United Kingdom,3,Mới hoặc giá trị thấp
16515,4,4,1250.3500000000001,695,13.024479166666667,United Kingdom,0,Trung thành tiềm năng
16516,91,1,101.69999999999999,58,16.95,United Kingdom,3,Mới hoặc giá trị thấp
16517,161,1,162.7,96,9.570588235294117,United Kingdom,3,Mới hoặc giá trị thấp
16518,92,1,293.62,203,10.124827586206896,United Kingdom,3,Mới hoặc giá trị thấp
16519,455,1,103.7,24,20.740000000000002,United Kingdom,3,Mới hoặc giá trị thấp
16520,188,2,749.41,419,7.347156862745098,United Kingdom,2,Ngủ quên / cần kích hoạt lại
16523,32,8,3469.85,1521,36.14427083333333,United Kingdom,1,VIP / Giá trị cao
16525,10,15,7795.37,3961,68.98557522123893,United Kingdom,1,VIP / Giá trị cao
16528,182,1,244.41,171,14.377058823529412,United Kingdom,3,Mới hoặc giá trị thấp
16529,307,1,455.25,198,15.175,United Kingdom,3,Mới hoặc giá trị thấp
16531,247,2,422.91,309,15.663333333333334,United Kingdom,2,Ngủ quên / cần kích hoạt lại
16532,224,1,1910.4,480,1910.4,United Kingdom,2,Ngủ quên / cần kích hoạt lại
16533,304,1,376.97,162,5.799538461538462,United Kingdom,3,Mới hoặc giá trị thấp
16535,243,1,593.75,356,19.153225806451612,United Kingdom,2,Ngủ quên / cần kích hoạt lại
16539,152,3,1083.91,423,30.108611111111113,United Kingdom,2,Ngủ quên / cần kích hoạt lại
16546,667,1,299.40000000000003,156,49.900000000000006,United Kingdom,3,Mới hoặc giá trị thấp
16549,32,5,1831.79,1023,4.8078477690288715,United Kingdom,1,VIP / Giá trị cao
16550,158,2,942.08,577,9.916631578947369,United Kingdom,2,Ngủ quên / cần kích hoạt lại
16551,163,3,922.12,970,28.81625,United Kingdom,2,Ngủ quên / cần kích hoạt lại
16552,37,2,379.73,219,22.337058823529414,United Kingdom,2,Ngủ quên / cần kích hoạt lại
16553,69,3,1182.5,1240,43.7962962962963,United Kingdom,2,Ngủ quên / cần kích hoạt lại
16554,10,2,314.11,129,14.957619047619048,United Kingdom,0,Trung thành tiềm năng
16555,244,1,133.91,85,16.73875,United Kingdom,3,Mới hoặc giá trị thấp
16556,129,2,1075.49,715,16.546,United Kingdom,2,Ngủ quên / cần kích hoạt lại
16558,38,9,3085.38,1766,17.236759776536314,United Kingdom,1,VIP / Giá trị cao
16561,31,2,511.12,244,16.48774193548387,United Kingdom,2,Ngủ quên / cần kích hoạt lại
16565,425,1,173.7,46,57.9,United Kingdom,3,Mới hoặc giá trị thấp
16567,163,1,557.5600000000001,476,21.444615384615386,United Kingdom,2,Ngủ quên / cần kích hoạt lại
16569,182,1,124.2,93,24.84,United Kingdom,3,Mới hoặc giá trị thấp
16570,153,3,1185.4,714,35.92121212121212,United Kingdom,2,Ngủ quên / cần kích hoạt lại
16571,283,1,436.68,378,15.05793103448276,United Kingdom,2,Ngủ quên / cần kích hoạt lại
16572,34,3,1009.6,532,17.712280701754388,United Kingdom,2,Ngủ quên / cần kích hoạt lại
16581,66,1,105.84,134,11.76,United Kingdom,3,Mới hoặc giá trị thấp
16583,698,1,233.45,111,16.675,United Kingdom,3,Mới hoặc giá trị thấp
16586,221,1,463.95,95,57.99375,United Kingdom,3,Mới hoặc giá trị thấp
16589,338,1,117.68,112,13.075555555555557,United Kingdom,3,Mới hoặc giá trị thấp
16591,304,1,213.5,41,21.35,United Kingdom,3,Mới hoặc giá trị thấp
16592,91,6,1919.63,1315,22.321279069767442,United Kingdom,1,VIP / Giá trị cao
16593,280,1,185.9,37,9.295,United Kingdom,3,Mới hoặc giá trị thấp
16595,92,1,360.16,335,4.237176470588236,United Kingdom,3,Mới hoặc giá trị thấp
16596,486,1,120.65,47,20.108333333333334,United Kingdom,3,Mới hoặc giá trị thấp
16597,213,1,90.04,184,12.862857142857143,United Kingdom,3,Mới hoặc giá trị thấp
16600,213,2,366.18,465,13.562222222222223,United Kingdom,2,Ngủ quên / cần kích hoạt lại
16602,275,1,528.08,336,18.209655172413793,United Kingdom,2,Ngủ quên / cần kích hoạt lại
16603,93,1,296.62,363,12.896521739130435,United Kingdom,3,Mới hoặc giá trị thấp
16607,1,5,842.48,1233,15.317818181818183,United Kingdom,0,Trung thành tiềm năng
16609,4,3,1439.47,721,16.1738202247191,United Kingdom,0,Trung thành tiềm năng
16610,250,1,75.66,66,12.61,United Kingdom,3,Mới hoặc giá trị thấp
16611,188,1,129.49,47,12.949000000000002,United Kingdom,3,Mới hoặc giá trị thấp
16612,3,4,1187.66,506,17.994848484848486,United Kingdom,0,Trung thành tiềm năng
16614,66,1,506.19,223,19.468846153846155,United Kingdom,2,Ngủ quên / cần kích hoạt lại
16616,218,1,210.10000000000002,110,19.1,United Kingdom,3,Mới hoặc giá trị thấp
16618,122,1,1206.3,592,28.72142857142857,United Kingdom,2,Ngủ quên / cần kích hoạt lại
16620,182,1,83.2,40,20.8,United Kingdom,3,Mới hoặc giá trị thấp
16621,128,2,490.7,142,28.86470588235294,United Kingdom,2,Ngủ quên / cần kích hoạt lại
16623,129,1,129.45,39,25.889999999999997,United Kingdom,3,Mới hoặc giá trị thấp
16625,69,1,333.08,164,14.481739130434782,United Kingdom,3,Mới hoặc giá trị thấp
16626,90,6,1618.74,1322,27.436271186440678,United Kingdom,1,VIP / Giá trị cao
16628,61,2,920.47,553,19.584468085106383,United Kingdom,2,Ngủ quên / cần kích hoạt lại
16629,246,1,236.78,216,4.7356,United Kingdom,3,Mới hoặc giá trị thấp
16633,5,1,255.8,124,17.053333333333335,United Kingdom,0,Trung thành tiềm năng
16634,340,2,217.9,82,24.211111111111112,United Kingdom,3,Mới hoặc giá trị thấp
16637,62,3,850.85,787,16.05377358490566,United Kingdom,2,Ngủ quên / cần kích hoạt lại
16638,161,3,387.18,236,24.19875,United Kingdom,2,Ngủ quên / cần kích hoạt lại
16639,122,1,786.36,351,26.212,United Kingdom,2,Ngủ quên / cần kích hoạt lại
16642,213,1,380.6,348,20.031578947368423,United Kingdom,3,Mới hoặc giá trị thấp
16643,129,1,487.51,269,18.055925925925926,United Kingdom,2,Ngủ quên / cần kích hoạt lại
16644,36,1,722.41,751,13.377962962962963,United Kingdom,2,Ngủ quên / cần kích hoạt lại
16652,1,4,5277.22,2638,63.58096385542169,United Kingdom,1,VIP / Giá trị cao
16654,219,2,262.8,75,26.28,United Kingdom,3,Mới hoặc giá trị thấp
16655,10,3,1844.38,876,23.054750000000002,United Kingdom,0,Trung thành tiềm năng
16656,4,7,3587.44,3478,115.72387096774193,United Kingdom,1,VIP / Giá trị cao
16658,547,1,123.24,40,15.405,United Kingdom,3,Mới hoặc giá trị thấp
16659,280,1,39.12,72,19.56,United Kingdom,3,Mới hoặc giá trị thấp
16665,364,1,135.39999999999998,59,15.044444444444443,United Kingdom,3,Mới hoặc giá trị thấp
16667,304,1,366.78,159,11.461875,United Kingdom,3,Mới hoặc giá trị thấp
16668,66,2,145.98,84,18.2475,United Kingdom,3,Mới hoặc giá trị thấp
16670,40,4,2022.8600000000001,1202,16.71785123966942,United Kingdom,1,VIP / Giá trị cao
16671,30,2,309.39,219,103.13,United Kingdom,2,Ngủ quên / cần kích hoạt lại
16672,7,9,3865.0,1372,67.80701754385964,United Kingdom,1,VIP / Giá trị cao
16674,305,1,122.2,63,3.4914285714285715,United Kingdom,3,Mới hoặc giá trị thấp
16676,67,3,1262.88,502,18.04114285714286,United Kingdom,2,Ngủ quên / cần kích hoạt lại
16678,3,7,2076.85,1531,19.592924528301886,United Kingdom,1,VIP / Giá trị cao
16679,486,1,129.75,29,43.25,United Kingdom,3,Mới hoặc giá trị thấp
16682,124,4,921.08,932,35.426153846153845,United Kingdom,2,Ngủ quên / cần kích hoạt lại
16684,213,7,36992.9,29854,278.14210526315793,United Kingdom,1,VIP / Giá trị cao
16685,92,2,324.24,396,5.2296774193548385,United Kingdom,2,Ngủ quên / cần kích hoạt lại
16686,162,2,754.96,386,4.778227848101266,United Kingdom,2,Ngủ quên / cần kích hoạt lại
16688,62,2,329.45,157,19.379411764705882,United Kingdom,3,Mới hoặc giá trị thấp
16693,304,1,324.45,153,8.538157894736841,United Kingdom,3,Mới hoặc giá trị thấp
16696,67,2,440.1,102,55.0125,United Kingdom,2,Ngủ quên / cần kích hoạt lại
16697,7,1,112.75,27,5.369047619047619,United Kingdom,3,Mới hoặc giá trị thấp
16700,4,6,2121.41,1839,17.10814516129032,United Kingdom,1,VIP / Giá trị cao
16701,10,6,2646.31,3940,35.76094594594595,United Kingdom,1,VIP / Giá trị cao
16705,7,5,5733.45,2158,56.21029411764706,United Kingdom,1,VIP / Giá trị cao
16706,303,2,239.82,84,4.5249056603773585,United Kingdom,3,Mới hoặc giá trị thấp
16709,129,2,1270.43,389,36.298,United Kingdom,2,Ngủ quên / cần kích hoạt lại
16710,67,3,822.84,411,7.032820512820513,United Kingdom,2,Ngủ quên / cần kích hoạt lại
16711,70,2,680.2,412,97.17142857142858,United Kingdom,2,Ngủ quên / cần kích hoạt lại
16712,36,5,1504.21,718,7.558844221105528,United Kingdom,1,VIP / Giá trị cao
16713,7,5,2222.09,1156,13.549329268292684,United Kingdom,1,VIP / Giá trị cao
16714,220,1,15.0,1,15.0,United Kingdom,3,Mới hoặc giá trị thấp
16716,343,1,734.4000000000001,96,734.4000000000001,United Kingdom,2,Ngủ quên / cần kích hoạt lại
16717,153,3,1033.91,495,17.826034482758622,United Kingdom,2,Ngủ quên / cần kích hoạt lại
16718,578,1,623.75,413,13.86111111111111,United Kingdom,2,Ngủ quên / cần kích hoạt lại
16719,224,2,583.18,294,9.719666666666665,United Kingdom,2,Ngủ quên / cần kích hoạt lại
16722,96,6,2137.76,2723,17.38016260162602,United Kingdom,1,VIP / Giá trị cao
16723,93,1,165.0,1,165.0,United Kingdom,3,Mới hoặc giá trị thấp
16725,70,4,459.57,197,5.471071428571428,United Kingdom,2,Ngủ quên / cần kích hoạt lại
16727,425,1,272.82,177,5.9308695652173915,United Kingdom,3,Mới hoặc giá trị thấp
16729,7,9,3054.94,2654,10.833120567375886,United Kingdom,1,VIP / Giá trị cao
16732,122,1,603.75,317,21.5625,United Kingdom,2,Ngủ quên / cần kích hoạt lại
16735,101,3,1556.74,1063,17.893563218390806,United Kingdom,2,Ngủ quên / cần kích hoạt lại
16743,6,5,1441.07,1325,10.835112781954887,United Kingdom,1,VIP / Giá trị cao
16744,183,2,274.85,144,4.041911764705882,United Kingdom,3,Mới hoặc giá trị thấp
16745,3,10,4010.88,3695,19.190813397129187,United Kingdom,1,VIP / Giá trị cao
16746,3,5,2164.87,1638,13.788980891719744,United Kingdom,1,VIP / Giá trị cao
16747,276,2,836.06,583,19.906190476190474,United Kingdom,2,Ngủ quên / cần kích hoạt lại
16748,101,4,1249.2,690,24.984,United Kingdom,2,Ngủ quên / cần kích hoạt lại
16750,64,1,98.38,45,19.676,United Kingdom,3,Mới hoặc giá trị thấp
16751,91,1,1764.72,1031,70.5888,United Kingdom,2,Ngủ quên / cần kích hoạt lại
16752,667,1,207.5,54,23.055555555555557,United Kingdom,3,Mới hoặc giá trị thấp
16753,1,1,223.92000000000002,189,6.5858823529411765,United Kingdom,0,Trung thành tiềm năng
16754,666,1,2002.4,4280,1001.2,United Kingdom,2,Ngủ quên / cần kích hoạt lại
16756,97,1,239.4,106,18.415384615384617,United Kingdom,3,Mới hoặc giá trị thấp
16758,215,1,369.34000000000003,203,16.78818181818182,United Kingdom,3,Mới hoặc giá trị thấp
16759,91,3,789.79,609,18.804523809523808,United Kingdom,2,Ngủ quên / cần kích hoạt lại
16761,246,1,316.62,341,24.355384615384615,United Kingdom,3,Mới hoặc giá trị thấp
16764,122,5,1229.41,527,4.656856060606061,United Kingdom,2,Ngủ quên / cần kích hoạt lại
16766,38,2,1145.6,536,33.69411764705882,United Kingdom,2,Ngủ quên / cần kích hoạt lại
16767,66,7,2163.62,1909,22.305360824742266,United Kingdom,1,VIP / Giá trị cao
16770,667,1,130.8,56,21.8,United Kingdom,3,Mới hoặc giá trị thấp
16771,99,4,1800.25,1133,9.425392670157068,United Kingdom,2,Ngủ quên / cần kích hoạt lại
16774,276,1,119.32,96,7.4575,United Kingdom,3,Mới hoặc giá trị thấp
16775,94,3,453.23,119,11.621282051282051,United Kingdom,2,Ngủ quên / cần kích hoạt lại
16776,62,1,388.28,262,5.1089473684210525,United Kingdom,3,Mới hoặc giá trị thấp
16778,69,1,93.18,66,18.636000000000003,United Kingdom,3,Mới hoặc giá trị thấp
16779,10,12,5394.71,2728,30.651761363636364,United Kingdom,1,VIP / Giá trị cao
16781,667,1,311.25,113,18.308823529411764,United Kingdom,3,Mới hoặc giá trị thấp
16782,161,4,777.1500000000001,215,10.645890410958906,United Kingdom,2,Ngủ quên / cần kích hoạt lại
16788,125,1,300.31,124,3.45183908045977,United Kingdom,3,Mới hoặc giá trị thấp
16789,333,1,80.8,32,16.16,United Kingdom,3,Mới hoặc giá trị thấp
16790,30,5,1454.17,867,16.524659090909093,United Kingdom,1,VIP / Giá trị cao
16791,40,6,1569.88,689,5.432110726643599,United Kingdom,1,VIP / Giá trị cao
16792,311,2,110.38000000000001,44,9.198333333333334,United Kingdom,3,Mới hoặc giá trị thấp
16794,5,3,467.78,382,3.964237288135593,United Kingdom,0,Trung thành tiềm năng
16795,455,1,414.88,239,6.286060606060606,United Kingdom,3,Mới hoặc giá trị thấp
16796,32,1,305.62,186,16.97888888888889,United Kingdom,3,Mới hoặc giá trị thấp
16801,38,1,751.9,186,16.70888888888889,United Kingdom,2,Ngủ quên / cần kích hoạt lại
16803,215,1,332.3,245,13.845833333333333,United Kingdom,3,Mới hoặc giá trị thấp
16806,281,1,173.07999999999998,80,10.817499999999999,United Kingdom,3,Mới hoặc giá trị thấp
16807,128,1,280.6,168,18.706666666666667,United Kingdom,3,Mới hoặc giá trị thấp
16808,68,2,288.42,196,12.540000000000001,United Kingdom,3,Mới hoặc giá trị thấp
16809,92,1,149.68,87,7.1276190476190475,United Kingdom,3,Mới hoặc giá trị thấp
16811,213,1,232.3,84,23.23,United Kingdom,3,Mới hoặc giá trị thấp
16813,246,3,384.55,219,4.577976190476191,United Kingdom,3,Mới hoặc giá trị thấp
16814,7,7,1944.07,797,18.168878504672897,United Kingdom,1,VIP / Giá trị cao
16817,38,7,1474.8500000000001,756,18.435625,United Kingdom,1,VIP / Giá trị cao
16818,96,4,1165.56,758,17.931692307692305,United Kingdom,2,Ngủ quên / cần kích hoạt lại
16820,216,1,497.61,307,19.138846153846153,United Kingdom,2,Ngủ quên / cần kích hoạt lại
16825,158,2,775.1800000000001,566,27.685000000000002,United Kingdom,2,Ngủ quên / cần kích hoạt lại
16828,155,1,15.0,1,15.0,United Kingdom,3,Mới hoặc giá trị thấp
16829,187,1,197.22,99,17.92909090909091,United Kingdom,3,Mới hoặc giá trị thấp
16830,334,1,325.91,264,14.170000000000002,United Kingdom,3,Mới hoặc giá trị thấp
16832,127,2,121.4,25,17.342857142857145,United Kingdom,3,Mới hoặc giá trị thấp
16833,101,2,744.72,294,22.567272727272726,United Kingdom,2,Ngủ quên / cần kích hoạt lại
16835,278,2,180.85,61,18.085,United Kingdom,3,Mới hoặc giá trị thấp
16837,31,6,2219.68,1232,18.652773109243697,United Kingdom,1,VIP / Giá trị cao
16839,2,16,8470.8,4952,67.76639999999999,United Kingdom,1,VIP / Giá trị cao
16841,67,3,934.56,920,18.32470588235294,United Kingdom,2,Ngủ quên / cần kích hoạt lại
16842,70,2,866.95,549,18.846739130434784,United Kingdom,2,Ngủ quên / cần kích hoạt lại
16843,7,5,2841.88,3590,25.602522522522523,United Kingdom,1,VIP / Giá trị cao
16849,188,1,124.57,33,15.57125,United Kingdom,3,Mới hoặc giá trị thấp
16850,71,1,332.41,249,17.495263157894737,United Kingdom,3,Mới hoặc giá trị thấp
16851,213,1,102.99000000000001,81,17.165000000000003,United Kingdom,3,Mới hoặc giá trị thấp
16858,547,1,375.69000000000005,91,37.569,United Kingdom,3,Mới hoặc giá trị thấp
16861,31,2,173.76,140,28.959999999999997,United Kingdom,3,Mới hoặc giá trị thấp
16863,122,2,502.8,409,19.338461538461537,United Kingdom,2,Ngủ quên / cần kích hoạt lại
16866,65,2,153.95,33,25.65833333333333,United Kingdom,3,Mới hoặc giá trị thấp
16871,32,1,329.44,200,23.53142857142857,United Kingdom,3,Mới hoặc giá trị thấp
16872,127,1,388.36,382,129.45333333333335,United Kingdom,2,Ngủ quên / cần kích hoạt lại
16873,92,5,6576.74,3622,25.5904280155642,United Kingdom,1,VIP / Giá trị cao
16875,254,2,1326.13,721,17.681733333333334,United Kingdom,2,Ngủ quên / cần kích hoạt lại
16877,65,1,111.23,69,4.6345833333333335,United Kingdom,3,Mới hoặc giá trị thấp
16880,65,5,1367.9,646,9.119333333333334,United Kingdom,2,Ngủ quên / cần kích hoạt lại
16881,245,1,432.0,600,432.0,United Kingdom,2,Ngủ quên / cần kích hoạt lại
16882,245,1,489.41999999999996,322,20.3925,United Kingdom,2,Ngủ quên / cần kích hoạt lại
16883,219,2,276.73,104,7.282368421052632,United Kingdom,3,Mới hoặc giá trị thấp
16884,303,2,429.84000000000003,320,16.532307692307693,United Kingdom,2,Ngủ quên / cần kích hoạt lại
16887,244,1,194.88,157,5.2670270270270265,United Kingdom,3,Mới hoặc giá trị thấp
16889,68,2,1228.61,675,11.701047619047618,United Kingdom,2,Ngủ quên / cần kích hoạt lại
16891,121,4,604.04,217,3.6387951807228913,United Kingdom,2,Ngủ quên / cần kích hoạt lại
16892,61,4,374.94,170,6.354915254237288,United Kingdom,2,Ngủ quên / cần kích hoạt lại
16893,486,1,145.93,62,3.242888888888889,United Kingdom,3,Mới hoặc giá trị thấp
16895,184,1,219.14,102,3.175942028985507,United Kingdom,3,Mới hoặc giá trị thấp
16898,547,1,116.08,98,3.6275,United Kingdom,3,Mới hoặc giá trị thấp
16899,32,2,389.68,101,10.824444444444445,United Kingdom,3,Mới hoặc giá trị thấp
16900,154,1,752.6800000000001,496,10.90840579710145,United Kingdom,2,Ngủ quên / cần kích hoạt lại
16903,61,1,373.24,262,6.220666666666667,United Kingdom,3,Mới hoặc giá trị thấp
16904,61,7,1570.81,932,6.1359765625,United Kingdom,1,VIP / Giá trị cao
16905,243,2,589.1,267,16.36388888888889,United Kingdom,2,Ngủ quên / cần kích hoạt lại
16906,188,2,295.94,163,10.569285714285714,United Kingdom,3,Mới hoặc giá trị thấp
16907,60,2,451.79,137,6.950615384615385,United Kingdom,3,Mới hoặc giá trị thấp
16910,93,3,434.4,290,2.4268156424581004,United Kingdom,2,Ngủ quên / cần kích hoạt lại
16912,30,4,1017.0,440,26.763157894736842,United Kingdom,2,Ngủ quên / cần kích hoạt lại
16914,275,1,208.46,121,5.4857894736842105,United Kingdom,3,Mới hoặc giá trị thấp
16915,221,3,340.49,53,12.160357142857142,United Kingdom,3,Mới hoặc giá trị thấp
16916,667,1,198.08,103,3.9616000000000002,United Kingdom,3,Mới hoặc giá trị thấp
16917,130,1,391.52,232,43.50222222222222,United Kingdom,2,Ngủ quên / cần kích hoạt lại
16918,154,4,755.24,530,7.949894736842105,United Kingdom,2,Ngủ quên / cần kích hoạt lại
16919,7,5,1010.08,571,8.347768595041323,United Kingdom,0,Trung thành tiềm năng
16921,92,1,169.79,171,2.829833333333333,United Kingdom,3,Mới hoặc giá trị thấp
16923,65,9,4202.02,1927,11.704791086350976,United Kingdom,1,VIP / Giá trị cao
16924,184,1,252.54,84,10.522499999999999,United Kingdom,3,Mới hoặc giá trị thấp
16926,639,1,230.25,35,16.446428571428573,United Kingdom,3,Mới hoặc giá trị thấp
16927,130,1,123.35,23,41.11666666666667,United Kingdom,3,Mới hoặc giá trị thấp
16928,33,8,1090.6399999999999,814,13.805569620253163,United Kingdom,1,VIP / Giá trị cao
16929,157,4,740.6,598,15.429166666666667,United Kingdom,2,Ngủ quên / cần kích hoạt lại
16930,304,2,207.11,189,6.6809677419354845,United Kingdom,3,Mới hoặc giá trị thấp
16931,68,7,1383.65,918,5.182209737827716,United Kingdom,1,VIP / Giá trị cao
16933,121,1,338.5,161,14.104166666666666,United Kingdom,3,Mới hoặc giá trị thấp
16938,5,3,2726.63,2525,11.360958333333334,United Kingdom,1,VIP / Giá trị cao
16942,183,5,1012.29,395,7.443308823529412,United Kingdom,2,Ngủ quên / cần kích hoạt lại
16943,6,1,172.1,20,34.42,United Kingdom,0,Trung thành tiềm năng
16945,1,9,1939.8,1152,17.961111111111112,United Kingdom,1,VIP / Giá trị cao
16949,158,3,773.58,355,30.9432,United Kingdom,2,Ngủ quên / cần kích hoạt lại
16950,156,2,778.41,337,28.83,United Kingdom,2,Ngủ quên / cần kích hoạt lại
16951,131,1,1053.79,1066,15.054142857142857,United Kingdom,2,Ngủ quên / cần kích hoạt lại
16953,91,1,20.8,10,20.8,United Kingdom,3,Mới hoặc giá trị thấp
16954,62,4,910.2,440,45.510000000000005,United Kingdom,2,Ngủ quên / cần kích hoạt lại
16955,127,4,518.67,266,20.746799999999997,United Kingdom,2,Ngủ quên / cần kích hoạt lại
16957,283,1,114.84,64,28.71,United Kingdom,3,Mới hoặc giá trị thấp
16960,62,3,507.05,304,5.02029702970297,United Kingdom,2,Ngủ quên / cần kích hoạt lại
16963,219,1,110.55000000000001,35,15.792857142857144,United Kingdom,3,Mới hoặc giá trị thấp
16966,333,1,385.79999999999995,276,128.6,United Kingdom,2,Ngủ quên / cần kích hoạt lại
16967,280,1,319.02,333,15.19142857142857,United Kingdom,3,Mới hoặc giá trị thấp
16968,213,1,186.12,228,11.6325,United Kingdom,3,Mới hoặc giá trị thấp
16969,339,1,397.36,388,14.717037037037038,United Kingdom,3,Mới hoặc giá trị thấp
16971,334,1,357.21,72,8.712439024390243,United Kingdom,3,Mới hoặc giá trị thấp
16979,61,2,534.38,232,20.553076923076922,United Kingdom,2,Ngủ quên / cần kích hoạt lại
16982,62,1,384.06,182,17.457272727272727,United Kingdom,3,Mới hoặc giá trị thấp
16983,5,3,731.45,391,10.01986301369863,United Kingdom,0,Trung thành tiềm năng
16984,2,2,4481.35,2423,11.010687960687962,United Kingdom,0,Trung thành tiềm năng
16985,2,4,1977.98,584,53.45891891891892,United Kingdom,0,Trung thành tiềm năng
16986,61,2,1873.2,1040,624.4,United Kingdom,2,Ngủ quên / cần kích hoạt lại
16987,181,1,231.93,75,10.542272727272728,United Kingdom,3,Mới hoặc giá trị thấp
16988,243,1,126.12,43,18.017142857142858,United Kingdom,3,Mới hoặc giá trị thấp
16989,4,4,1029.3,1170,102.92999999999999,United Kingdom,1,VIP / Giá trị cao
16990,220,1,179.0,100,179.0,United Kingdom,3,Mới hoặc giá trị thấp
16992,275,2,728.71,423,17.77341463414634,United Kingdom,2,Ngủ quên / cần kích hoạt lại
16996,64,3,1087.02,390,45.2925,United Kingdom,2,Ngủ quên / cần kích hoạt lại
16997,284,1,78.0,40,19.5,United Kingdom,3,Mới hoặc giá trị thấp
16998,131,1,90.0,24,90.0,United Kingdom,3,Mới hoặc giá trị thấp
17001,90,4,1376.78,778,25.032363636363637,United Kingdom,2,Ngủ quên / cần kích hoạt lại
17002,128,1,480.46000000000004,156,36.95846153846154,United Kingdom,3,Mới hoặc giá trị thấp
17004,124,1,1006.4,602,38.707692307692305,United Kingdom,2,Ngủ quên / cần kích hoạt lại
17006,121,2,355.91,108,25.42214285714286,United Kingdom,3,Mới hoặc giá trị thấp
17007,97,2,250.66,152,19.28153846153846,United Kingdom,3,Mới hoặc giá trị thấp
17011,91,1,270.9,186,18.06,United Kingdom,3,Mới hoặc giá trị thấp
17014,153,3,586.33,245,7.923378378378379,United Kingdom,2,Ngủ quên / cần kích hoạt lại
17015,30,2,797.08,828,5.573986013986015,United Kingdom,2,Ngủ quên / cần kích hoạt lại
17017,152,5,2164.22,1618,36.68169491525423,United Kingdom,1,VIP / Giá trị cao
17019,547,1,358.82,223,7.322857142857143,United Kingdom,3,Mới hoặc giá trị thấp
17022,122,1,71.0,108,10.142857142857142,United Kingdom,3,Mới hoặc giá trị thấp
17024,218,2,56.25,45,28.125,United Kingdom,3,Mới hoặc giá trị thấp
17025,62,3,357.77,235,39.75222222222222,United Kingdom,2,Ngủ quên / cần kích hoạt lại
17026,158,2,154.82999999999998,97,38.707499999999996,United Kingdom,3,Mới hoặc giá trị thấp
17027,342,1,13.2,6,6.6,United Kingdom,3,Mới hoặc giá trị thấp
17030,154,1,146.87,146,13.351818181818182,United Kingdom,3,Mới hoặc giá trị thấp
17031,126,1,225.95,125,17.38076923076923,United Kingdom,3,Mới hoặc giá trị thấp
17033,97,1,300.29999999999995,66,50.04999999999999,United Kingdom,3,Mới hoặc giá trị thấp
17035,129,2,433.53000000000003,229,15.483214285714286,United Kingdom,2,Ngủ quên / cần kích hoạt lại
17038,91,1,112.4,28,5.109090909090909,United Kingdom,3,Mới hoặc giá trị thấp
17042,64,4,822.2,874,9.672941176470589,United Kingdom,2,Ngủ quên / cần kích hoạt lại
17043,153,1,641.36,246,20.68903225806452,United Kingdom,2,Ngủ quên / cần kích hoạt lại
17045,187,2,148.35,35,24.724999999999998,United Kingdom,3,Mới hoặc giá trị thấp
17046,218,1,642.02,510,29.182727272727274,United Kingdom,2,Ngủ quên / cần kích hoạt lại
17048,10,2,760.4,424,20.010526315789473,United Kingdom,0,Trung thành tiềm năng
17049,97,5,2672.37,1141,19.943059701492537,United Kingdom,1,VIP / Giá trị cao
17050,191,4,2556.5,1286,11.163755458515285,United Kingdom,2,Ngủ quên / cần kích hoạt lại
17052,30,1,413.75,261,4.497282608695652,United Kingdom,3,Mới hoặc giá trị thấp
17053,337,1,498.48,122,38.34461538461539,United Kingdom,3,Mới hoặc giá trị thấp
17054,30,2,463.08,384,14.032727272727271,United Kingdom,2,Ngủ quên / cần kích hoạt lại
17059,61,2,1567.3,1043,5.936742424242424,United Kingdom,2,Ngủ quên / cần kích hoạt lại
17061,220,1,484.12000000000006,196,242.06000000000003,United Kingdom,2,Ngủ quên / cần kích hoạt lại
17062,455,2,294.43,258,7.54948717948718,United Kingdom,3,Mới hoặc giá trị thấp
17064,1,2,711.5,244,18.243589743589745,United Kingdom,0,Trung thành tiềm năng
17068,184,6,1139.8,513,15.830555555555556,United Kingdom,2,Ngủ quên / cần kích hoạt lại
17069,30,5,1826.93,1027,18.453838383838384,United Kingdom,1,VIP / Giá trị cao
17071,2,5,1587.3500000000001,827,17.637222222222224,United Kingdom,0,Trung thành tiềm năng
17076,38,3,841.0799999999999,295,33.6432,United Kingdom,2,Ngủ quên / cần kích hoạt lại
17078,274,2,378.2,788,13.507142857142856,United Kingdom,2,Ngủ quên / cần kích hoạt lại
17082,183,1,1366.91,733,23.980877192982458,United Kingdom,2,Ngủ quên / cần kích hoạt lại
17083,100,1,691.36,372,34.568,United Kingdom,2,Ngủ quên / cần kích hoạt lại
17084,244,2,2949.75,1816,18.208333333333332,United Kingdom,2,Ngủ quên / cần kích hoạt lại
17085,125,3,1045.24,536,8.295555555555556,United Kingdom,2,Ngủ quên / cần kích hoạt lại
17086,91,4,1482.51,1502,18.765949367088606,United Kingdom,2,Ngủ quên / cần kích hoạt lại
17088,30,2,622.5600000000001,291,16.383157894736843,United Kingdom,2,Ngủ quên / cần kích hoạt lại
17090,2,3,1092.5,464,24.829545454545453,United Kingdom,0,Trung thành tiềm năng
17091,122,7,2727.4900000000002,1183,20.82053435114504,United Kingdom,1,VIP / Giá trị cao
17092,161,2,633.07,391,12.413137254901962,United Kingdom,2,Ngủ quên / cần kích hoạt lại
17095,101,1,313.15,143,19.571875,United Kingdom,3,Mới hoặc giá trị thấp
17096,1,1,263.61,67,29.290000000000003,United Kingdom,0,Trung thành tiềm năng
17097,152,2,318.87,159,3.428709677419355,Spain,3,Mới hoặc giá trị thấp
17101,61,1,471.0,256,58.875,United Kingdom,2,Ngủ quên / cần kích hoạt lại
17105,192,2,665.78,693,7.397555555555555,United Kingdom,2,Ngủ quên / cần kích hoạt lại
17107,156,4,6209.12,2713,29.85153846153846,United Kingdom,1,VIP / Giá trị cao
17109,61,3,311.28,242,5.366896551724137,United Kingdom,2,Ngủ quên / cần kích hoạt lại
17114,101,4,477.47,164,5.752650602409639,United Kingdom,2,Ngủ quên / cần kích hoạt lại
17115,66,2,527.48,206,25.11809523809524,United Kingdom,2,Ngủ quên / cần kích hoạt lại
17119,31,2,606.91,334,17.340285714285713,United Kingdom,2,Ngủ quên / cần kích hoạt lại
17122,3,1,138.32,80,19.759999999999998,United Kingdom,0,Trung thành tiềm năng
17123,338,1,345.29999999999995,246,38.36666666666666,United Kingdom,3,Mới hoặc giá trị thấp
17124,158,1,298.89,130,9.3403125,United Kingdom,3,Mới hoặc giá trị thấp
17126,65,4,702.08,608,3.545858585858586,United Kingdom,2,Ngủ quên / cần kích hoạt lại
17128,101,1,157.09,76,11.220714285714285,United Kingdom,3,Mới hoặc giá trị thấp
17131,183,2,1180.73,454,19.044032258064515,United Kingdom,2,Ngủ quên / cần kích hoạt lại
17133,160,3,2194.9700000000003,1075,243.88555555555558,United Kingdom,2,Ngủ quên / cần kích hoạt lại
17135,303,3,400.0,536,25.0,United Kingdom,2,Ngủ quên / cần kích hoạt lại
17138,99,1,380.5,126,15.854166666666666,United Kingdom,3,Mới hoặc giá trị thấp
17139,2,5,4605.08,2458,21.620093896713616,United Kingdom,1,VIP / Giá trị cao
17140,190,1,465.32,302,23.266,United Kingdom,2,Ngủ quên / cần kích hoạt lại
17144,120,1,388.68,132,15.5472,United Kingdom,3,Mới hoặc giá trị thấp
17147,343,1,409.5,250,22.75,United Kingdom,3,Mới hoặc giá trị thấp
17157,302,1,157.54000000000002,70,31.508000000000003,United Kingdom,3,Mới hoặc giá trị thấp
17158,153,1,568.42,317,20.300714285714285,United Kingdom,2,Ngủ quên / cần kích hoạt lại
17160,7,3,1599.98,1368,13.675042735042735,United Kingdom,0,Trung thành tiềm năng
17162,30,9,1417.08,825,16.288275862068964,United Kingdom,1,VIP / Giá trị cao
17164,34,6,1721.51,1059,17.2151,United Kingdom,1,VIP / Giá trị cao
17166,334,1,78.75,21,39.375,United Kingdom,3,Mới hoặc giá trị thấp
17169,96,1,308.68,102,17.14888888888889,United Kingdom,3,Mới hoặc giá trị thấp
17173,1,3,1239.16,416,37.550303030303034,United Kingdom,0,Trung thành tiềm năng
17174,189,1,59.9,41,14.975,United Kingdom,3,Mới hoặc giá trị thấp
17175,5,1,302.62,182,23.27846153846154,United Kingdom,0,Trung thành tiềm năng
17180,7,2,317.32,358,7.37953488372093,United Kingdom,0,Trung thành tiềm năng
17181,698,1,155.52,216,77.76,United Kingdom,3,Mới hoặc giá trị thấp
17183,153,2,1343.8400000000001,418,63.99238095238096,United Kingdom,2,Ngủ quên / cần kích hoạt lại
17186,62,1,72.0,100,72.0,United Kingdom,3,Mới hoặc giá trị thấp
17188,61,3,1252.38,661,40.399354838709684,United Kingdom,2,Ngủ quên / cần kích hoạt lại
17190,1,1,249.74,160,13.874444444444444,United Kingdom,0,Trung thành tiềm năng
17191,30,7,2095.13,1167,8.840210970464135,United Kingdom,1,VIP / Giá trị cao
17193,1,3,190.96,68,27.28,United Kingdom,0,Trung thành tiềm năng
17194,38,1,10.0,1,10.0,United Kingdom,3,Mới hoặc giá trị thấp
17197,61,1,1013.01,191,34.93137931034483,United Kingdom,2,Ngủ quên / cần kích hoạt lại
17198,455,2,521.66,242,6.774805194805195,United Kingdom,3,Mới hoặc giá trị thấp
17203,62,4,2262.93,1634,17.81834645669291,United Kingdom,1,VIP / Giá trị cao
17204,7,1,461.25,119,41.93181818181818,United Kingdom,0,Trung thành tiềm năng
17211,5,3,808.47,448,11.22875,United Kingdom,0,Trung thành tiềm năng
17213,486,1,312.90000000000003,92,20.860000000000003,United Kingdom,3,Mới hoặc giá trị thấp
17214,62,3,498.07,139,9.39754716981132,United Kingdom,2,Ngủ quên / cần kích hoạt lại
17218,32,6,1091.14,474,6.418470588235294,United Kingdom,1,VIP / Giá trị cao
17219,122,1,114.23,89,4.5692,United Kingdom,3,Mới hoặc giá trị thấp
17220,187,6,1147.7,730,6.831547619047619,United Kingdom,2,Ngủ quên / cần kích hoạt lại
17221,274,2,335.13,288,5.319523809523809,United Kingdom,3,Mới hoặc giá trị thấp
17222,215,1,354.15,128,12.648214285714285,United Kingdom,3,Mới hoặc giá trị thấp
17223,312,2,426.79,112,8.71,United Kingdom,3,Mới hoặc giá trị thấp
17226,253,1,393.49,406,18.73761904761905,United Kingdom,2,Ngủ quên / cần kích hoạt lại
17227,62,2,249.36,297,13.853333333333333,United Kingdom,2,Ngủ quên / cần kích hoạt lại
17228,154,4,911.64,636,10.24314606741573,United Kingdom,2,Ngủ quên / cần kích hoạt lại
17229,246,1,161.05,77,10.736666666666668,United Kingdom,3,Mới hoặc giá trị thấp
17230,312,1,675.0,198,42.1875,United Kingdom,2,Ngủ quên / cần kích hoạt lại
17231,128,4,1357.29,745,6.1695,United Kingdom,2,Ngủ quên / cần kích hoạt lại
17232,152,1,213.48,93,11.23578947368421,United Kingdom,3,Mới hoặc giá trị thấp
17233,244,1,190.88,131,7.6352,United Kingdom,3,Mới hoặc giá trị thấp
17234,66,1,149.89000000000001,55,10.706428571428573,United Kingdom,3,Mới hoặc giá trị thấp
17235,667,1,341.9,126,34.19,United Kingdom,3,Mới hoặc giá trị thấp
17236,37,2,244.73000000000002,136,10.197083333333333,United Kingdom,3,Mới hoặc giá trị thấp
17238,30,8,1967.6000000000001,856,7.233823529411765,United Kingdom,1,VIP / Giá trị cao
17242,5,1,709.44,411,24.46344827586207,United Kingdom,0,Trung thành tiềm năng
17243,30,13,4359.81,1668,22.019242424242425,United Kingdom,1,VIP / Giá trị cao
17248,33,1,318.65,213,4.618115942028985,United Kingdom,3,Mới hoặc giá trị thấp
17250,182,1,221.87,98,6.5255882352941175,United Kingdom,3,Mới hoặc giá trị thấp
17251,364,1,283.28000000000003,110,7.263589743589744,United Kingdom,3,Mới hoặc giá trị thấp
17252,188,1,341.96,191,3.9762790697674415,United Kingdom,3,Mới hoặc giá trị thấp
17254,213,1,102.13,101,1.791754385964912,United Kingdom,3,Mới hoặc giá trị thấp
17259,547,1,381.64,275,4.386666666666667,United Kingdom,3,Mới hoặc giá trị thấp
17262,486,1,268.86,74,134.43,United Kingdom,3,Mới hoặc giá trị thấp
17265,5,1,384.09000000000003,217,4.988181818181818,United Kingdom,0,Trung thành tiềm năng
17266,152,2,197.58,134,3.1361904761904764,United Kingdom,3,Mới hoặc giá trị thấp
17267,246,2,317.62,159,8.358421052631579,United Kingdom,3,Mới hoặc giá trị thấp
17268,4,3,311.48,412,77.87,United Kingdom,0,Trung thành tiềm năng
17274,244,1,111.97999999999999,79,4.147407407407407,United Kingdom,3,Mới hoặc giá trị thấp
17278,7,1,246.04,179,16.402666666666665,United Kingdom,0,Trung thành tiềm năng
17282,337,1,687.0,916,137.4,United Kingdom,2,Ngủ quên / cần kích hoạt lại
17284,33,3,1147.52,883,5.543574879227053,United Kingdom,2,Ngủ quên / cần kích hoạt lại
17287,341,3,367.94,228,9.944324324324324,United Kingdom,2,Ngủ quên / cần kích hoạt lại
17288,341,1,127.30000000000001,110,21.21666666666667,United Kingdom,3,Mới hoặc giá trị thấp
17289,5,3,944.41,520,8.508198198198198,United Kingdom,0,Trung thành tiềm năng
17290,182,1,172.21,128,3.5144897959183674,United Kingdom,3,Mới hoặc giá trị thấp
17291,253,1,550.8000000000001,72,550.8000000000001,United Kingdom,2,Ngủ quên / cần kích hoạt lại
17293,1,7,1278.63,749,11.839166666666667,United Kingdom,0,Trung thành tiềm năng
17295,30,3,556.95,294,8.071739130434784,United Kingdom,2,Ngủ quên / cần kích hoạt lại
17298,156,1,107.63999999999999,132,26.909999999999997,United Kingdom,3,Mới hoặc giá trị thấp
17299,32,1,309.86,329,11.066428571428572,United Kingdom,3,Mới hoặc giá trị thấp
17302,94,3,876.8100000000001,443,19.06108695652174,United Kingdom,2,Ngủ quên / cần kích hoạt lại
17306,130,5,2361.3,3122,147.58125,United Kingdom,1,VIP / Giá trị cao
17309,216,1,82.75,41,6.895833333333333,United Kingdom,3,Mới hoặc giá trị thấp
17312,156,2,399.5,276,30.73076923076923,United Kingdom,2,Ngủ quên / cần kích hoạt lại
17313,122,1,2328.84,1402,97.03500000000001,United Kingdom,2,Ngủ quên / cần kích hoạt lại
17314,1,3,1348.75,1127,15.68313953488372,United Kingdom,0,Trung thành tiềm năng
17315,6,14,2408.46,1928,15.243417721518988,United Kingdom,1,VIP / Giá trị cao
17317,32,1,2027.94,606,289.7057142857143,United Kingdom,2,Ngủ quên / cần kích hoạt lại
17320,547,1,450.92,210,20.496363636363636,United Kingdom,3,Mới hoặc giá trị thấp
17321,276,2,700.86,373,6.550093457943925,United Kingdom,2,Ngủ quên / cần kích hoạt lại
17323,92,3,419.01,331,4.988214285714285,United Kingdom,2,Ngủ quên / cần kích hoạt lại
17324,10,2,702.23,606,41.307647058823534,United Kingdom,0,Trung thành tiềm năng
17325,252,1,96.8,60,16.133333333333333,United Kingdom,3,Mới hoặc giá trị thấp
17330,276,1,264.9,100,52.98,United Kingdom,3,Mới hoặc giá trị thấp
17331,125,1,175.2,16,175.2,United Kingdom,3,Mới hoặc giá trị thấp
17334,70,2,307.02,315,27.91090909090909,United Kingdom,2,Ngủ quên / cần kích hoạt lại
17337,5,4,2027.8700000000001,1269,3.7345672191528547,United Kingdom,0,Trung thành tiềm năng
17338,10,2,1387.78,652,9.440680272108843,United Kingdom,0,Trung thành tiềm năng
17339,185,2,243.36,152,27.040000000000003,United Kingdom,3,Mới hoặc giá trị thấp
17340,33,6,9190.58,4615,30.13304918032787,United Kingdom,1,VIP / Giá trị cao
17341,187,3,781.36,489,4.2697267759562845,United Kingdom,2,Ngủ quên / cần kích hoạt lại
17345,155,1,155.8,116,11.984615384615385,United Kingdom,3,Mới hoặc giá trị thấp
17346,1,5,887.05,622,4.8472677595628415,United Kingdom,0,Trung thành tiềm năng
17348,30,2,321.3,323,3.530769230769231,United Kingdom,2,Ngủ quên / cần kích hoạt lại
17350,333,2,394.98,152,39.498000000000005,United Kingdom,2,Ngủ quên / cần kích hoạt lại
17351,38,2,358.45,49,32.586363636363636,United Kingdom,3,Mới hoặc giá trị thấp
17353,126,2,1740.0,1200,217.5,United Kingdom,2,Ngủ quên / cần kích hoạt lại
17356,343,1,178.22,166,9.38,United Kingdom,3,Mới hoặc giá trị thấp
17358,100,1,119.15,45,7.008823529411765,United Kingdom,3,Mới hoặc giá trị thấp
17360,127,1,330.95,167,5.515833333333333,United Kingdom,3,Mới hoặc giá trị thấp
17361,188,1,218.92,51,13.6825,United Kingdom,3,Mới hoặc giá trị thấp
17362,284,1,150.0,76,12.5,United Kingdom,3,Mới hoặc giá trị thấp
17364,10,6,2662.19,1610,12.498544600938967,United Kingdom,1,VIP / Giá trị cao
17365,40,2,742.66,712,9.400759493670886,United Kingdom,2,Ngủ quên / cần kích hoạt lại
17368,153,3,750.87,780,22.084411764705884,United Kingdom,2,Ngủ quên / cần kích hoạt lại
17370,124,1,117.36,140,13.04,United Kingdom,3,Mới hoặc giá trị thấp
17372,62,4,670.2,432,4.7197183098591555,United Kingdom,2,Ngủ quên / cần kích hoạt lại
17374,220,2,495.77,85,17.706071428571427,United Kingdom,3,Mới hoặc giá trị thấp
17376,343,1,105.85,35,8.142307692307693,United Kingdom,3,Mới hoặc giá trị thấp
17377,32,10,2199.38,1185,9.319406779661017,United Kingdom,1,VIP / Giá trị cao
17381,3,22,17101.25,19741,190.01388888888889,United Kingdom,1,VIP / Giá trị cao
17382,215,1,65.4,25,32.7,United Kingdom,3,Mới hoặc giá trị thấp
17383,212,1,199.29,150,3.9076470588235295,United Kingdom,3,Mới hoặc giá trị thấp
17384,250,1,227.65,43,75.88333333333334,United Kingdom,3,Mới hoặc giá trị thấp
17386,302,3,1145.02,1026,57.251,United Kingdom,2,Ngủ quên / cần kích hoạt lại
17387,183,1,346.44,244,17.322,United Kingdom,3,Mới hoặc giá trị thấp
17388,6,1,381.6,360,381.6,United Kingdom,0,Trung thành tiềm năng
17389,10,16,20486.0,5042,191.45794392523365,United Kingdom,1,VIP / Giá trị cao
17392,192,1,145.5,99,11.192307692307692,United Kingdom,3,Mới hoặc giá trị thấp
17394,250,1,203.86999999999998,241,50.967499999999994,United Kingdom,3,Mới hoặc giá trị thấp
17396,276,2,2431.5,706,270.1666666666667,United Kingdom,2,Ngủ quên / cần kích hoạt lại
17400,217,1,817.44,494,7.936310679611651,United Kingdom,2,Ngủ quên / cần kích hoạt lại
17402,91,5,1285.95,372,35.72083333333333,United Kingdom,2,Ngủ quên / cần kích hoạt lại
17403,275,1,281.62,117,8.533939393939393,United Kingdom,3,Mới hoặc giá trị thấp
17404,6,6,6435.38,7182,156.96048780487806,Sweden,1,VIP / Giá trị cao
17405,4,2,541.71,498,9.849272727272728,United Kingdom,0,Trung thành tiềm năng
17406,71,3,2200.42,787,19.47274336283186,United Kingdom,2,Ngủ quên / cần kích hoạt lại
17409,127,2,771.85,105,59.37307692307692,United Kingdom,2,Ngủ quên / cần kích hoạt lại
17410,1,4,978.38,466,18.46,United Kingdom,0,Trung thành tiềm năng
17412,31,4,685.46,344,19.58457142857143,United Kingdom,2,Ngủ quên / cần kích hoạt lại
17414,127,1,598.0,1380,119.6,United Kingdom,2,Ngủ quên / cần kích hoạt lại
17416,61,2,3129.32,2044,20.862133333333336,United Kingdom,2,Ngủ quên / cần kích hoạt lại
17419,130,6,1844.81,891,20.052282608695652,United Kingdom,1,VIP / Giá trị cao
17420,698,1,130.85,53,18.692857142857143,United Kingdom,3,Mới hoặc giá trị thấp
17422,5,3,1084.65,1209,16.68692307692308,United Kingdom,0,Trung thành tiềm năng
17423,189,1,449.42,314,40.85636363636364,United Kingdom,2,Ngủ quên / cần kích hoạt lại
17425,62,1,688.97,371,16.40404761904762,United Kingdom,2,Ngủ quên / cần kích hoạt lại
17426,93,4,2951.91,1799,17.570892857142855,United Kingdom,1,VIP / Giá trị cao
17428,7,16,8641.94,5235,56.11649350649351,United Kingdom,1,VIP / Giá trị cao
17429,158,3,524.9200000000001,624,13.459487179487182,United Kingdom,2,Ngủ quên / cần kích hoạt lại
17430,153,2,265.76,190,18.982857142857142,United Kingdom,3,Mới hoặc giá trị thấp
17432,302,1,175.89,115,11.725999999999999,United Kingdom,3,Mới hoặc giá trị thấp
17433,2,1,303.15999999999997,185,5.6140740740740736,United Kingdom,0,Trung thành tiềm năng
17434,152,2,635.08,460,19.244848484848486,United Kingdom,2,Ngủ quên / cần kích hoạt lại
17436,121,1,93.89999999999999,42,18.779999999999998,United Kingdom,3,Mới hoặc giá trị thấp
17440,187,3,186.42000000000002,246,37.284000000000006,United Kingdom,2,Ngủ quên / cần kích hoạt lại
17442,64,4,1553.55,1020,16.88641304347826,United Kingdom,2,Ngủ quên / cần kích hoạt lại
17443,250,1,534.24,504,534.24,Canada,2,Ngủ quên / cần kích hoạt lại
17444,34,1,1217.64,1026,15.813506493506495,Canada,2,Ngủ quên / cần kích hoạt lại
17446,312,1,68.10000000000001,102,13.620000000000001,United Kingdom,3,Mới hoặc giá trị thấp
17449,152,3,938.89,405,7.8898319327731095,United Kingdom,2,Ngủ quên / cần kích hoạt lại
17450,4,11,35824.22,12588,341.1830476190476,United Kingdom,1,VIP / Giá trị cao
17451,121,1,294.18,154,22.62923076923077,United Kingdom,3,Mới hoặc giá trị thấp
17453,184,1,341.99999999999994,160,37.99999999999999,United Kingdom,3,Mới hoặc giá trị thấp
17456,455,1,249.86,222,14.69764705882353,United Kingdom,3,Mới hoặc giá trị thấp
17457,217,4,1370.5,682,76.13888888888889,United Kingdom,2,Ngủ quên / cần kích hoạt lại
17459,62,1,300.39,227,3.9524999999999997,United Kingdom,3,Mới hoặc giá trị thấp
17460,185,3,230.15,85,25.572222222222223,United Kingdom,3,Mới hoặc giá trị thấp
17461,61,1,382.56,435,8.139574468085106,United Kingdom,2,Ngủ quên / cần kích hoạt lại
17462,62,1,212.28,72,16.32923076923077,United Kingdom,3,Mới hoặc giá trị thấp
17464,248,1,289.96000000000004,220,32.21777777777778,United Kingdom,3,Mới hoặc giá trị thấp
17469,218,1,440.71,189,19.161304347826086,United Kingdom,3,Mới hoặc giá trị thấp
17470,189,4,816.47,1275,14.077068965517242,United Kingdom,2,Ngủ quên / cần kích hoạt lại
17472,339,1,259.27,169,4.321166666666667,United Kingdom,3,Mới hoặc giá trị thấp
17481,155,3,838.03,817,14.964821428571428,United Kingdom,2,Ngủ quên / cần kích hoạt lại
17483,95,2,294.40000000000003,143,19.62666666666667,United Kingdom,3,Mới hoặc giá trị thấp
17489,1,2,376.64,428,12.987586206896552,United Kingdom,0,Trung thành tiềm năng
17490,90,4,1077.82,698,33.681875,United Kingdom,2,Ngủ quên / cần kích hoạt lại
17491,121,5,1723.93,980,35.91520833333333,United Kingdom,1,VIP / Giá trị cao
17492,221,1,374.57,155,31.214166666666667,United Kingdom,3,Mới hoặc giá trị thấp
17495,302,2,497.56,229,18.42814814814815,United Kingdom,2,Ngủ quên / cần kích hoạt lại
17500,61,1,288.0,7,96.0,United Kingdom,3,Mới hoặc giá trị thấp
17501,281,2,288.6,160,16.033333333333335,United Kingdom,3,Mới hoặc giá trị thấp
17502,61,1,226.60000000000002,94,20.6,United Kingdom,3,Mới hoặc giá trị thấp
17503,152,2,558.96,486,14.709473684210527,United Kingdom,2,Ngủ quên / cần kích hoạt lại
17504,189,1,251.75,208,19.365384615384617,United Kingdom,3,Mới hoặc giá trị thấp
17505,338,1,658.85,287,25.340384615384615,United Kingdom,2,Ngủ quên / cần kích hoạt lại
17507,283,1,340.56,222,7.568,United Kingdom,3,Mới hoặc giá trị thấp
17508,252,1,387.31,289,17.605,Greece,3,Mới hoặc giá trị thấp
17509,62,7,5217.0,3026,16.66773162939297,United Kingdom,1,VIP / Giá trị cao
17511,7,15,49108.16,32097,97.82501992031874,United Kingdom,1,VIP / Giá trị cao
17512,30,5,1635.27,1645,28.194310344827585,United Kingdom,1,VIP / Giá trị cao
17514,278,1,208.65,135,5.2162500000000005,United Kingdom,3,Mới hoặc giá trị thấp
17515,122,1,67.65,23,6.765000000000001,United Kingdom,3,Mới hoặc giá trị thấp
17516,3,2,281.02,160,5.735102040816326,United Kingdom,0,Trung thành tiềm năng
17517,253,1,153.94,102,13.994545454545454,United Kingdom,3,Mới hoặc giá trị thấp
17519,547,1,335.3,184,18.62777777777778,United Kingdom,3,Mới hoặc giá trị thấp
17521,61,2,563.65,403,15.233783783783784,United Kingdom,2,Ngủ quên / cần kích hoạt lại
17522,96,3,845.02,761,13.629354838709677,United Kingdom,2,Ngủ quên / cần kích hoạt lại
17526,213,2,549.9,210,39.278571428571425,United Kingdom,2,Ngủ quên / cần kích hoạt lại
17527,220,1,292.11,57,41.730000000000004,United Kingdom,3,Mới hoặc giá trị thấp
17528,1,3,1041.13,661,18.26543859649123,United Kingdom,0,Trung thành tiềm năng
17530,120,2,516.45,364,4.965865384615385,United Kingdom,2,Ngủ quên / cần kích hoạt lại
17531,307,1,296.7,136,21.192857142857143,United Kingdom,3,Mới hoặc giá trị thấp
17535,252,1,164.4,136,12.646153846153847,United Kingdom,3,Mới hoặc giá trị thấp
17537,61,2,897.62,700,11.968266666666667,United Kingdom,2,Ngủ quên / cần kích hoạt lại
17550,68,1,156.22,59,5.579285714285715,United Kingdom,3,Mới hoặc giá trị thấp
17552,62,3,315.02,154,22.50142857142857,United Kingdom,2,Ngủ quên / cần kích hoạt lại
17553,306,1,1487.6,1048,743.8,United Kingdom,2,Ngủ quên / cần kích hoạt lại
17554,31,3,925.9,860,31.92758620689655,United Kingdom,2,Ngủ quên / cần kích hoạt lại
17555,101,1,195.45,156,3.9887755102040816,United Kingdom,3,Mới hoặc giá trị thấp
17560,157,3,531.0,498,40.84615384615385,United Kingdom,2,Ngủ quên / cần kích hoạt lại
17562,64,2,235.3,165,18.1,United Kingdom,3,Mới hoặc giá trị thấp
17566,332,1,486.95,226,5.597126436781609,United Kingdom,3,Mới hoặc giá trị thấp
17567,124,4,2061.73,1284,25.771625,United Kingdom,1,VIP / Giá trị cao
17569,40,1,344.14,159,11.866896551724137,United Kingdom,3,Mới hoặc giá trị thấp
17571,161,1,75.6,72,37.8,United Kingdom,3,Mới hoặc giá trị thấp
17572,336,2,114.60000000000001,48,19.1,United Kingdom,3,Mới hoặc giá trị thấp
17573,61,2,373.1,302,15.545833333333334,United Kingdom,2,Ngủ quên / cần kích hoạt lại
17574,37,1,185.65,77,23.20625,United Kingdom,3,Mới hoặc giá trị thấp
17576,3,9,1984.96,1154,9.543076923076923,United Kingdom,1,VIP / Giá trị cao
17578,219,1,143.45999999999998,138,28.691999999999997,United Kingdom,3,Mới hoặc giá trị thấp
17579,213,1,178.04,128,5.395151515151515,United Kingdom,3,Mới hoặc giá trị thấp
17580,341,1,47.7,6,47.7,United Kingdom,3,Mới hoặc giá trị thấp
17581,67,17,5998.92,3284,23.805238095238096,United Kingdom,1,VIP / Giá trị cao
17584,247,2,1242.3,458,35.494285714285716,United Kingdom,2,Ngủ quên / cần kích hoạt lại
17585,224,1,417.81,571,14.921785714285715,United Kingdom,2,Ngủ quên / cần kích hoạt lại
17589,34,3,1813.4,1185,9.963736263736264,United Kingdom,2,Ngủ quên / cần kích hoạt lại
17590,152,1,320.93,144,20.058125,United Kingdom,3,Mới hoặc giá trị thấp
17591,94,2,620.2,193,7.211627906976744,United Kingdom,2,Ngủ quên / cần kích hoạt lại
17593,93,2,1663.82,1622,19.57435294117647,United Kingdom,2,Ngủ quên / cần kích hoạt lại
17595,303,1,157.9,85,4.644117647058824,United Kingdom,3,Mới hoặc giá trị thấp
17596,154,4,1900.8700000000001,2929,10.987687861271677,United Kingdom,1,VIP / Giá trị cao
17597,67,1,2044.3700000000001,1176,37.17036363636364,United Kingdom,2,Ngủ quên / cần kích hoạt lại
17602,152,2,1231.19,1004,9.618671875,United Kingdom,2,Ngủ quên / cần kích hoạt lại
17604,189,1,173.12,115,4.808888888888889,United Kingdom,3,Mới hoặc giá trị thấp
17608,183,2,193.42,232,3.2783050847457624,United Kingdom,3,Mới hoặc giá trị thấp
17609,69,1,107.65,46,5.665789473684211,United Kingdom,3,Mới hoặc giá trị thấp
17611,37,7,1718.43,1028,10.478231707317073,United Kingdom,1,VIP / Giá trị cao
17612,97,2,704.36,616,13.810980392156862,United Kingdom,2,Ngủ quên / cần kích hoạt lại
17613,162,2,826.5500000000001,403,16.20686274509804,United Kingdom,2,Ngủ quên / cần kích hoạt lại
17615,337,2,211.05,99,26.38125,United Kingdom,3,Mới hoặc giá trị thấp
17616,517,1,326.4,128,326.4,United Kingdom,3,Mới hoặc giá trị thấp
17618,221,3,971.58,331,12.456153846153846,United Kingdom,2,Ngủ quên / cần kích hoạt lại
17620,31,1,81.44,60,20.36,United Kingdom,3,Mới hoặc giá trị thấp
17623,153,1,527.0500000000001,265,15.971212121212123,United Kingdom,2,Ngủ quên / cần kích hoạt lại
17624,219,1,400.3,312,16.012,United Kingdom,3,Mới hoặc giá trị thấp
17629,33,5,1384.03,1026,14.568736842105263,United Kingdom,1,VIP / Giá trị cao
17631,121,1,111.83,149,11.183,United Kingdom,3,Mới hoặc giá trị thấp
17633,33,2,653.23,309,17.654864864864866,United Kingdom,2,Ngủ quên / cần kích hoạt lại
17634,36,7,2049.36,723,7.974163424124514,United Kingdom,1,VIP / Giá trị cao
17637,122,1,208.11,65,18.91909090909091,United Kingdom,3,Mới hoặc giá trị thấp
17639,130,1,108.5,49,15.5,United Kingdom,3,Mới hoặc giá trị thấp
17642,3,1,316.99,190,22.642142857142858,United Kingdom,0,Trung thành tiềm năng
17643,698,1,101.55,71,12.69375,United Kingdom,3,Mới hoặc giá trị thấp
17644,33,4,1077.83,653,17.66934426229508,United Kingdom,2,Ngủ quên / cần kích hoạt lại
17646,250,3,1008.39,323,19.77235294117647,United Kingdom,2,Ngủ quên / cần kích hoạt lại
17647,215,1,133.06,30,19.00857142857143,United Kingdom,3,Mới hoặc giá trị thấp
17648,62,2,1273.98,367,20.54806451612903,United Kingdom,2,Ngủ quên / cần kích hoạt lại
17651,122,4,1661.78,1658,17.13175257731959,United Kingdom,2,Ngủ quên / cần kích hoạt lại
17652,62,6,2247.65,949,18.126209677419357,United Kingdom,1,VIP / Giá trị cao
17653,33,4,1207.56,1409,27.44454545454545,United Kingdom,1,VIP / Giá trị cao
17654,161,1,117.55,41,5.343181818181818,United Kingdom,3,Mới hoặc giá trị thấp
17655,131,2,990.0,404,45.0,United Kingdom,2,Ngủ quên / cần kích hoạt lại
17656,2,2,473.98,180,22.570476190476192,United Kingdom,0,Trung thành tiềm năng
17658,6,1,317.59999999999997,216,35.288888888888884,United Kingdom,0,Trung thành tiềm năng
17659,31,4,932.6800000000001,412,18.6536,United Kingdom,2,Ngủ quên / cần kích hoạt lại
17663,126,2,437.19,183,23.01,United Kingdom,2,Ngủ quên / cần kích hoạt lại
17664,36,1,326.19,409,14.182173913043478,United Kingdom,2,Ngủ quên / cần kích hoạt lại
17666,182,2,728.16,596,40.45333333333333,United Kingdom,2,Ngủ quên / cần kích hoạt lại
17667,6,4,1127.46,550,17.896190476190476,United Kingdom,0,Trung thành tiềm năng
17668,121,2,347.75,93,23.183333333333334,United Kingdom,3,Mới hoặc giá trị thấp
17669,94,2,844.0,440,49.64705882352941,United Kingdom,2,Ngủ quên / cần kích hoạt lại
17671,5,3,1098.55,524,24.967045454545453,United Kingdom,0,Trung thành tiềm năng
17672,284,1,1177.8400000000001,643,28.727804878048783,United Kingdom,2,Ngủ quên / cần kích hoạt lại
17673,121,3,706.54,602,7.0653999999999995,United Kingdom,2,Ngủ quên / cần kích hoạt lại
17674,547,1,300.66,349,27.332727272727276,United Kingdom,3,Mới hoặc giá trị thấp
17675,4,14,7928.51,3349,32.36126530612245,United Kingdom,1,VIP / Giá trị cao
17676,1,5,1156.7,766,17.264179104477613,United Kingdom,0,Trung thành tiềm năng
17677,30,12,6824.29,4211,53.734566929133855,United Kingdom,1,VIP / Giá trị cao
17682,190,2,757.29,395,20.467297297297296,United Kingdom,2,Ngủ quên / cần kích hoạt lại
17685,2,3,2100.63,1318,25.308795180722893,United Kingdom,0,Trung thành tiềm năng
17686,33,3,3774.58,1648,20.293440860215053,United Kingdom,1,VIP / Giá trị cao
17690,91,10,2855.21,1052,19.55623287671233,United Kingdom,1,VIP / Giá trị cao
17691,547,1,142.5,58,15.833333333333334,United Kingdom,3,Mới hoặc giá trị thấp
17692,162,2,228.18,174,16.298571428571428,United Kingdom,3,Mới hoặc giá trị thấp
17696,157,6,1607.81,1282,18.69546511627907,United Kingdom,1,VIP / Giá trị cao
17700,67,3,1681.83,825,17.891808510638295,United Kingdom,2,Ngủ quên / cần kích hoạt lại
17701,341,1,417.95,109,17.414583333333333,United Kingdom,3,Mới hoặc giá trị thấp
17702,91,1,485.6,302,25.557894736842105,United Kingdom,2,Ngủ quên / cần kích hoạt lại
17703,244,1,307.78,214,16.198947368421052,United Kingdom,3,Mới hoặc giá trị thấp
17705,39,5,1042.4,473,20.04615384615385,United Kingdom,2,Ngủ quên / cần kích hoạt lại
17706,62,9,3453.82,1384,23.336621621621624,United Kingdom,1,VIP / Giá trị cao
17707,158,2,152.4,144,30.48,United Kingdom,3,Mới hoặc giá trị thấp
17708,219,1,156.48,58,17.386666666666667,United Kingdom,3,Mới hoặc giá trị thấp
17716,61,6,2643.56,1436,22.403050847457628,United Kingdom,1,VIP / Giá trị cao
17719,2,6,2266.92,768,21.589714285714287,United Kingdom,1,VIP / Giá trị cao
17720,517,1,102.0,24,102.0,United Kingdom,3,Mới hoặc giá trị thấp
17722,246,3,1590.6,787,18.712941176470586,United Kingdom,2,Ngủ quên / cần kích hoạt lại
17723,97,4,2199.3,534,314.1857142857143,United Kingdom,1,VIP / Giá trị cao
17725,251,1,313.28999999999996,159,20.886,United Kingdom,3,Mới hoặc giá trị thấp
17728,182,2,2530.98,1340,17.45503448275862,United Kingdom,2,Ngủ quên / cần kích hoạt lại
17730,30,5,2352.36,1723,24.003673469387756,United Kingdom,1,VIP / Giá trị cao
17731,96,3,963.74,350,19.668163265306124,United Kingdom,2,Ngủ quên / cần kích hoạt lại
17732,667,1,303.97,93,16.887222222222224,United Kingdom,3,Mới hoặc giá trị thấp
17733,334,1,475.24,376,20.662608695652175,United Kingdom,2,Ngủ quên / cần kích hoạt lại
17735,126,11,7296.29,4608,19.613682795698924,United Kingdom,1,VIP / Giá trị cao
17737,1,1,87.39,57,14.565,United Kingdom,0,Trung thành tiềm năng
17738,311,1,779.92,292,19.02243902439024,United Kingdom,2,Ngủ quên / cần kích hoạt lại
17739,71,3,1111.67,327,46.319583333333334,United Kingdom,2,Ngủ quên / cần kích hoạt lại
17742,40,1,302.57,71,23.274615384615384,United Kingdom,3,Mới hoặc giá trị thấp
17744,182,2,1010.9399999999999,1516,16.5727868852459,United Kingdom,2,Ngủ quên / cần kích hoạt lại
17750,243,3,446.18,1082,10.882439024390244,United Kingdom,2,Ngủ quên / cần kích hoạt lại
17754,90,3,1197.2,1025,23.47450980392157,United Kingdom,2,Ngủ quên / cần kích hoạt lại
17757,65,14,2281.51,1168,7.26595541401274,United Kingdom,1,VIP / Giá trị cao
17758,65,2,965.1600000000001,649,7.044963503649636,United Kingdom,2,Ngủ quên / cần kích hoạt lại
17760,698,1,172.54,165,19.17111111111111,United Kingdom,3,Mới hoặc giá trị thấp
17761,153,1,712.78,398,37.514736842105265,United Kingdom,2,Ngủ quên / cần kích hoạt lại
17764,6,1,261.97,148,13.787894736842107,United Kingdom,0,Trung thành tiềm năng
17765,248,1,109.33,40,8.41,United Kingdom,3,Mới hoặc giá trị thấp
17768,183,2,1861.8500000000001,1061,22.70548780487805,United Kingdom,2,Ngủ quên / cần kích hoạt lại
17769,31,3,1453.79,674,11.357734375,United Kingdom,2,Ngủ quên / cần kích hoạt lại
17770,36,3,967.07,277,31.195806451612906,United Kingdom,2,Ngủ quên / cần kích hoạt lại
17774,162,3,830.53,293,8.651354166666666,United Kingdom,2,Ngủ quên / cần kích hoạt lại
17781,279,1,86.02,26,8.602,United Kingdom,3,Mới hoặc giá trị thấp
17783,190,1,112.41,53,3.747,United Kingdom,3,Mới hoặc giá trị thấp
17787,65,3,1335.28,647,15.526511627906977,United Kingdom,2,Ngủ quên / cần kích hoạt lại
17788,306,1,16.7,3,5.566666666666666,United Kingdom,3,Mới hoặc giá trị thấp
17789,283,1,225.9,74,16.135714285714286,United Kingdom,3,Mới hoặc giá trị thấp
17790,4,7,999.54,398,9.519428571428572,United Kingdom,0,Trung thành tiềm năng
17791,61,1,106.1,46,10.61,United Kingdom,3,Mới hoặc giá trị thấp
17796,101,2,396.9,101,7.35,United Kingdom,3,Mới hoặc giá trị thấp
17797,66,1,272.41,249,6.191136363636364,United Kingdom,3,Mới hoặc giá trị thấp
17799,37,2,500.35,340,6.583552631578947,United Kingdom,2,Ngủ quên / cần kích hoạt lại
17800,38,7,874.1,553,11.206410256410257,United Kingdom,1,VIP / Giá trị cao
17802,5,2,632.4200000000001,407,8.432266666666667,United Kingdom,0,Trung thành tiềm năng
17809,39,8,3049.9100000000003,711,87.14028571428572,United Kingdom,1,VIP / Giá trị cao
17811,2,19,2871.55,1724,8.675377643504532,United Kingdom,1,VIP / Giá trị cao
17812,334,2,261.02,161,5.674347826086956,United Kingdom,3,Mới hoặc giá trị thấp
17813,184,2,1259.31,665,4.497535714285714,United Kingdom,2,Ngủ quên / cần kích hoạt lại
17816,215,3,31.46,24,1.96625,United Kingdom,3,Mới hoặc giá trị thấp
17817,160,3,387.68,67,11.747878787878788,United Kingdom,3,Mới hoặc giá trị thấp
17819,66,3,1579.57,389,78.9785,United Kingdom,2,Ngủ quên / cần kích hoạt lại
17827,37,5,1995.46,1247,9.070272727272727,United Kingdom,1,VIP / Giá trị cao
17828,127,1,833.16,378,18.935454545454544,Malta,2,Ngủ quên / cần kích hoạt lại
17830,121,1,111.05,27,15.864285714285714,United Kingdom,3,Mới hoặc giá trị thấp
17831,183,1,35.400000000000006,12,17.700000000000003,United Kingdom,3,Mới hoặc giá trị thấp
17835,152,1,114.14,65,6.0073684210526315,United Kingdom,3,Mới hoặc giá trị thấp
17837,31,3,540.55,186,8.718548387096773,United Kingdom,2,Ngủ quên / cần kích hoạt lại
17838,32,3,1560.56,931,21.979718309859155,United Kingdom,2,Ngủ quên / cần kích hoạt lại
17841,1,53,17336.18,9569,5.118447003247712,United Kingdom,1,VIP / Giá trị cao
17843,100,1,205.48,113,5.553513513513513,United Kingdom,3,Mới hoặc giá trị thấp
17848,251,3,367.53,242,21.61941176470588,United Kingdom,2,Ngủ quên / cần kích hoạt lại
17849,71,3,454.35,69,23.913157894736845,United Kingdom,3,Mới hoặc giá trị thấp
17850,667,34,5391.21,1733,18.15222222222222,United Kingdom,1,VIP / Giá trị cao
17854,158,1,199.5,20,66.5,United Kingdom,3,Mới hoặc giá trị thấp
17855,667,1,208.97,197,12.292352941176471,United Kingdom,3,Mới hoặc giá trị thấp
17856,121,2,758.21,612,68.92818181818183,United Kingdom,2,Ngủ quên / cần kích hoạt lại
17857,33,11,14867.68,11241,512.6786206896552,United Kingdom,1,VIP / Giá trị cao
17858,3,4,1661.67,679,18.670449438202247,United Kingdom,0,Trung thành tiềm năng
17859,131,1,148.21,127,5.9284,United Kingdom,3,Mới hoặc giá trị thấp
17860,547,1,252.8,104,4.358620689655172,United Kingdom,3,Mới hoặc giá trị thấp
17861,61,4,1261.29,1302,7.932641509433962,United Kingdom,2,Ngủ quên / cần kích hoạt lại
17863,31,3,1923.4,1473,21.61123595505618,United Kingdom,1,VIP / Giá trị cao
17864,32,2,480.72,763,5.282637362637363,United Kingdom,2,Ngủ quên / cần kích hoạt lại
17865,2,5,3406.9700000000003,1943,28.630000000000003,United Kingdom,1,VIP / Giá trị cao
17867,91,2,239.62,168,3.3749295774647887,United Kingdom,3,Mới hoặc giá trị thấp
17869,128,3,310.96,89,11.105714285714285,United Kingdom,3,Mới hoặc giá trị thấp
17870,93,5,988.08,719,9.500769230769231,United Kingdom,2,Ngủ quên / cần kích hoạt lại
17873,127,3,1097.07,612,39.18107142857143,United Kingdom,2,Ngủ quên / cần kích hoạt lại
17874,158,1,122.76,22,20.46,United Kingdom,3,Mới hoặc giá trị thấp
17880,425,1,458.92,314,17.65076923076923,United Kingdom,3,Mới hoặc giá trị thấp
17881,131,1,133.35000000000002,32,16.668750000000003,United Kingdom,3,Mới hoặc giá trị thấp
17883,159,2,304.21999999999997,225,4.609393939393939,United Kingdom,3,Mới hoặc giá trị thấp
17884,182,4,717.45,854,6.1320512820512825,United Kingdom,2,Ngủ quên / cần kích hoạt lại
17886,122,2,726.54,349,9.314615384615385,United Kingdom,2,Ngủ quên / cần kích hoạt lại
17887,305,1,111.35,30,11.135,United Kingdom,3,Mới hoặc giá trị thấp
17888,31,4,473.32,596,11.26952380952381,United Kingdom,2,Ngủ quên / cần kích hoạt lại
17889,36,1,102.02,35,11.335555555555555,United Kingdom,3,Mới hoặc giá trị thấp
17892,157,1,142.1,69,5.4653846153846155,United Kingdom,3,Mới hoặc giá trị thấp
17894,246,2,235.67000000000002,73,8.72851851851852,United Kingdom,3,Mới hoặc giá trị thấp
17897,517,2,434.62,156,6.036388888888889,United Kingdom,3,Mới hoặc giá trị thấp
17899,279,1,155.8,171,4.86875,United Kingdom,3,Mới hoặc giá trị thấp
17900,308,2,112.19999999999999,73,18.7,United Kingdom,3,Mới hoặc giá trị thấp
17901,60,1,110.38,24,5.809473684210526,United Kingdom,3,Mới hoặc giá trị thấp
17905,187,2,426.59000000000003,182,15.235357142857143,United Kingdom,2,Ngủ quên / cần kích hoạt lại
17906,189,1,72.9,26,6.075,United Kingdom,3,Mới hoặc giá trị thấp
17908,698,1,243.28,173,4.19448275862069,United Kingdom,3,Mới hoặc giá trị thấp
17912,312,3,126.75,63,7.041666666666667,United Kingdom,3,Mới hoặc giá trị thấp
17913,1,1,193.54999999999998,189,6.9125,United Kingdom,0,Trung thành tiềm năng
17914,182,1,336.43,473,4.205375,United Kingdom,3,Mới hoặc giá trị thấp
17917,364,1,110.91,56,3.8244827586206895,United Kingdom,3,Mới hoặc giá trị thấp
17919,2,1,1304.04,756,56.697391304347825,United Kingdom,0,Trung thành tiềm năng
17920,183,6,1856.23,1070,4.9499466666666665,United Kingdom,1,VIP / Giá trị cao
17921,183,1,224.76,137,5.481951219512195,United Kingdom,3,Mới hoặc giá trị thấp
17923,311,1,207.50000000000003,50,207.50000000000003,United Kingdom,3,Mới hoặc giá trị thấp
17924,39,3,2076.7200000000003,660,103.83600000000001,United Kingdom,1,VIP / Giá trị cao
17925,667,1,244.08,72,244.08,United Kingdom,3,Mới hoặc giá trị thấp
17928,159,1,78.25999999999999,46,4.603529411764705,United Kingdom,3,Mới hoặc giá trị thấp
17929,253,1,196.20000000000002,36,98.10000000000001,United Kingdom,3,Mới hoặc giá trị thấp
17930,184,2,749.88,788,53.56285714285714,United Kingdom,2,Ngủ quên / cần kích hoạt lại
17932,6,2,986.07,587,14.501029411764707,United Kingdom,0,Trung thành tiềm năng
17934,1,1,638.45,410,33.602631578947374,United Kingdom,0,Trung thành tiềm năng
17936,243,1,389.84,262,5.062857142857142,United Kingdom,3,Mới hoặc giá trị thấp
17937,122,3,2080.26,902,90.44608695652175,United Kingdom,2,Ngủ quên / cần kích hoạt lại
17939,279,1,99.14,40,8.261666666666667,United Kingdom,3,Mới hoặc giá trị thấp
17940,70,6,3623.94,7993,241.596,United Kingdom,1,VIP / Giá trị cao
17941,337,1,304.56,252,152.28,United Kingdom,2,Ngủ quên / cần kích hoạt lại
17942,302,1,77.50000000000001,38,38.75000000000001,United Kingdom,3,Mới hoặc giá trị thấp
17947,303,1,176.68,168,19.63111111111111,United Kingdom,3,Mới hoặc giá trị thấp
17949,4,21,14169.32,8497,544.9738461538461,United Kingdom,1,VIP / Giá trị cao
17950,455,2,263.17,186,6.747948717948718,United Kingdom,3,Mới hoặc giá trị thấp
17951,698,1,295.5,118,59.1,United Kingdom,3,Mới hoặc giá trị thấp
17954,125,6,1149.04,846,4.709180327868852,United Kingdom,2,Ngủ quên / cần kích hoạt lại
17955,220,3,394.1,81,21.894444444444446,United Kingdom,3,Mới hoặc giá trị thấp
17956,251,1,12.75,1,12.75,United Kingdom,3,Mới hoặc giá trị thấp
17957,245,1,111.68,287,3.6025806451612907,United Kingdom,3,Mới hoặc giá trị thấp
17961,2,13,299.25,118,4.15625,United Kingdom,0,Trung thành tiềm năng
17964,122,2,471.7,301,4.535576923076923,United Kingdom,2,Ngủ quên / cần kích hoạt lại
17965,10,10,1936.09,1055,8.203771186440678,United Kingdom,1,VIP / Giá trị cao
17966,34,4,951.43,2221,15.345645161290323,United Kingdom,1,VIP / Giá trị cao
17967,639,1,123.07,80,2.5639583333333333,United Kingdom,3,Mới hoặc giá trị thấp
17968,698,1,277.35,160,3.2629411764705885,United Kingdom,3,Mới hoặc giá trị thấp
17970,5,1,582.59,525,18.793225806451613,United Kingdom,0,Trung thành tiềm năng
17972,7,1,136.04,37,4.388387096774193,United Kingdom,3,Mới hoặc giá trị thấp
17974,250,1,172.77,87,8.227142857142857,United Kingdom,3,Mới hoặc giá trị thấp
17975,154,5,1606.56,535,12.26381679389313,United Kingdom,2,Ngủ quên / cần kích hoạt lại
17976,667,1,353.19,106,5.433692307692308,United Kingdom,3,Mới hoặc giá trị thấp
17977,61,1,288.14,342,13.72095238095238,United Kingdom,3,Mới hoặc giá trị thấp
17978,455,1,300.91999999999996,499,25.076666666666664,United Kingdom,2,Ngủ quên / cần kích hoạt lại
17979,244,1,253.17,121,5.166734693877551,United Kingdom,3,Mới hoặc giá trị thấp
17987,158,1,198.57,261,15.274615384615384,United Kingdom,3,Mới hoặc giá trị thấp
17988,338,1,13.370000000000001,4,3.3425000000000002,United Kingdom,3,Mới hoặc giá trị thấp
17994,38,3,371.24,308,10.033513513513514,United Kingdom,2,Ngủ quên / cần kích hoạt lại
17995,283,1,76.1,133,38.05,United Kingdom,3,Mới hoặc giá trị thấp
17997,65,4,1273.1,1630,11.46936936936937,United Kingdom,2,Ngủ quên / cần kích hoạt lại
17999,303,2,382.06,221,4.108172043010753,United Kingdom,3,Mới hoặc giá trị thấp
18004,364,1,169.47,78,4.23675,United Kingdom,3,Mới hoặc giá trị thấp
18005,182,1,109.75,44,2.9662162162162162,United Kingdom,3,Mới hoặc giá trị thấp
18008,37,1,162.5,130,162.5,United Kingdom,3,Mới hoặc giá trị thấp
18011,697,1,102.78999999999999,71,3.671071428571428,United Kingdom,3,Mới hoặc giá trị thấp
18013,157,2,187.29,285,6.041612903225806,United Kingdom,3,Mới hoặc giá trị thấp
18014,30,1,166.42,68,5.200625,United Kingdom,3,Mới hoặc giá trị thấp
18015,213,1,120.03,157,2.6093478260869567,United Kingdom,3,Mới hoặc giá trị thấp
18016,153,3,690.91,493,12.794629629629629,United Kingdom,2,Ngủ quên / cần kích hoạt lại
18017,312,1,165.0,100,165.0,United Kingdom,3,Mới hoặc giá trị thấp
18022,244,1,668.11,736,3.497958115183246,United Kingdom,2,Ngủ quên / cần kích hoạt lại
18024,65,2,389.78,184,18.56095238095238,United Kingdom,2,Ngủ quên / cần kích hoạt lại
18027,305,1,115.31,78,5.490952380952381,United Kingdom,3,Mới hoặc giá trị thấp
18030,213,1,109.55,21,21.91,United Kingdom,3,Mới hoặc giá trị thấp
18032,101,1,73.5,42,14.7,United Kingdom,3,Mới hoặc giá trị thấp
18033,214,1,97.97,253,2.881470588235294,United Kingdom,3,Mới hoặc giá trị thấp
18035,244,1,239.56,186,9.213846153846154,United Kingdom,3,Mới hoặc giá trị thấp
18036,129,2,261.88,163,3.4457894736842105,United Kingdom,3,Mới hoặc giá trị thấp
18037,126,2,40.5,8,5.0625,United Kingdom,3,Mới hoặc giá trị thấp
18040,129,1,239.0,96,19.916666666666668,United Kingdom,3,Mới hoặc giá trị thấp
18041,67,11,2012.22,1876,10.011044776119403,United Kingdom,1,VIP / Giá trị cao
18043,486,1,316.46,172,4.794848484848485,United Kingdom,3,Mới hoặc giá trị thấp
18044,213,4,747.37,352,16.985681818181817,United Kingdom,2,Ngủ quên / cần kích hoạt lại
18055,278,5,2511.4900000000002,881,20.418617886178865,United Kingdom,2,Ngủ quên / cần kích hoạt lại
18059,276,1,124.08,104,20.68,United Kingdom,3,Mới hoặc giá trị thấp
18061,34,5,1213.91,419,50.57958333333334,United Kingdom,1,VIP / Giá trị cao
18062,193,2,485.92,356,24.296,United Kingdom,2,Ngủ quên / cần kích hoạt lại
18065,96,10,1450.76,616,17.479036144578313,United Kingdom,1,VIP / Giá trị cao
18069,2,2,1092.41,650,5.54522842639594,United Kingdom,0,Trung thành tiềm năng
18071,455,1,258.95,157,18.49642857142857,United Kingdom,3,Mới hoặc giá trị thấp
18072,158,1,247.44,288,13.746666666666666,United Kingdom,3,Mới hoặc giá trị thấp
18073,157,4,1470.18,1219,58.8072,United Kingdom,2,Ngủ quên / cần kích hoạt lại
18074,698,1,489.6,190,37.66153846153846,United Kingdom,3,Mới hoặc giá trị thấp
18075,31,3,635.49,424,19.8590625,United Kingdom,2,Ngủ quên / cần kích hoạt lại
18077,33,4,1051.81,709,12.089770114942528,United Kingdom,2,Ngủ quên / cần kích hoạt lại
18078,189,1,138.19,45,17.27375,United Kingdom,3,Mới hoặc giá trị thấp
18079,217,1,593.35,1232,14.83375,United Kingdom,2,Ngủ quên / cần kích hoạt lại
18080,37,1,841.4999999999999,330,841.4999999999999,United Kingdom,2,Ngủ quên / cần kích hoạt lại
18081,275,1,135.4,140,19.342857142857145,United Kingdom,3,Mới hoặc giá trị thấp
18085,698,1,303.9,78,33.766666666666666,United Kingdom,3,Mới hoặc giá trị thấp
18086,69,1,101.34,106,14.477142857142857,United Kingdom,3,Mới hoặc giá trị thấp
18087,305,1,852.8,1,852.8,United Kingdom,3,Mới hoặc giá trị thấp
18088,92,1,167.67000000000002,109,4.299230769230769,United Kingdom,3,Mới hoặc giá trị thấp
18092,3,6,5253.7,2326,93.81607142857142,United Kingdom,1,VIP / Giá trị cao
18093,33,3,1841.92,1164,57.56,United Kingdom,1,VIP / Giá trị cao
18094,220,1,633.0,1200,211.0,United Kingdom,2,Ngủ quên / cần kích hoạt lại
18095,40,1,374.75,225,23.421875,United Kingdom,2,Ngủ quên / cần kích hoạt lại
18096,154,1,148.66,87,2.9732,United Kingdom,3,Mới hoặc giá trị thấp
18097,217,4,1715.9,870,28.129508196721314,United Kingdom,2,Ngủ quên / cần kích hoạt lại
18099,247,1,168.31,149,8.858421052631579,United Kingdom,3,Mới hoặc giá trị thấp
18102,90,29,135953.04,37913,586.0044827586207,United Kingdom,1,VIP / Giá trị cao
18104,303,1,754.64,362,19.858947368421052,United Kingdom,2,Ngủ quên / cần kích hoạt lại
18105,303,1,113.48000000000002,46,6.304444444444446,United Kingdom,3,Mới hoặc giá trị thấp
18109,5,15,4589.75,1876,19.955434782608695,United Kingdom,1,VIP / Giá trị cao
18113,547,1,76.32000000000001,72,76.32000000000001,United Kingdom,3,Mới hoặc giá trị thấp
18116,276,3,504.25,356,3.056060606060606,United Kingdom,2,Ngủ quên / cần kích hoạt lại
18118,30,12,2385.45,1136,4.385018382352941,United Kingdom,1,VIP / Giá trị cao
18119,517,1,181.12,125,6.037333333333334,United Kingdom,3,Mới hoặc giá trị thấp
18120,97,1,111.15,31,6.538235294117648,United Kingdom,3,Mới hoặc giá trị thấp
18121,126,1,649.85,433,21.66166666666667,United Kingdom,2,Ngủ quên / cần kích hoạt lại
18122,4,3,759.42,571,5.201506849315068,United Kingdom,0,Trung thành tiềm năng
18123,122,1,323.47999999999996,392,21.56533333333333,United Kingdom,2,Ngủ quên / cần kích hoạt lại
18125,61,1,197.85,109,8.24375,United Kingdom,3,Mới hoặc giá trị thấp
18126,62,1,206.82999999999998,144,3.693392857142857,United Kingdom,3,Mới hoặc giá trị thấp
18129,68,1,112.55000000000001,48,8.039285714285715,United Kingdom,3,Mới hoặc giá trị thấp
18130,30,1,455.90999999999997,386,14.706774193548386,United Kingdom,2,Ngủ quên / cần kích hoạt lại
18133,36,1,931.4999999999999,1350,931.4999999999999,United Kingdom,2,Ngủ quên / cần kích hoạt lại
18135,60,4,558.26,292,34.89125,United Kingdom,2,Ngủ quên / cần kích hoạt lại
18136,6,2,495.34000000000003,202,24.767000000000003,United Kingdom,0,Trung thành tiềm năng
18142,128,2,1019.52,1276,67.968,United Kingdom,2,Ngủ quên / cần kích hoạt lại
18144,36,5,1202.85,598,80.19,United Kingdom,1,VIP / Giá trị cao
18146,281,1,76.65,27,19.1625,United Kingdom,3,Mới hoặc giá trị thấp
18149,38,2,549.68,280,39.262857142857136,United Kingdom,2,Ngủ quên / cần kích hoạt lại
18150,153,1,153.3,96,13.936363636363637,United Kingdom,3,Mới hoặc giá trị thấp
18154,182,1,178.7,102,17.869999999999997,United Kingdom,3,Mới hoặc giá trị thấp
18156,578,1,206.23000000000002,73,3.749636363636364,United Kingdom,3,Mới hoặc giá trị thấp
18158,2,1,343.8,254,14.325000000000001,United Kingdom,0,Trung thành tiềm năng
18159,39,1,530.15,139,23.05,United Kingdom,3,Mới hoặc giá trị thấp
18161,184,2,630.22,286,19.694375,United Kingdom,2,Ngủ quên / cần kích hoạt lại
18164,303,1,399.65000000000003,184,16.652083333333334,United Kingdom,3,Mới hoặc giá trị thấp
18167,244,1,390.6,108,43.400000000000006,United Kingdom,3,Mới hoặc giá trị thấp
18168,70,2,457.65,228,8.475,United Kingdom,2,Ngủ quên / cần kích hoạt lại
18169,62,1,202.65,61,22.516666666666666,United Kingdom,3,Mới hoặc giá trị thấp
18170,183,2,629.01,279,33.10578947368421,United Kingdom,2,Ngủ quên / cần kích hoạt lại
18171,1,3,787.34,342,24.604375,United Kingdom,0,Trung thành tiềm năng
18172,5,10,3418.6,1428,42.7325,United Kingdom,1,VIP / Giá trị cao
18173,69,1,853.48,664,60.962857142857146,United Kingdom,2,Ngủ quên / cần kích hoạt lại
18174,302,1,104.0,50,104.0,United Kingdom,3,Mới hoặc giá trị thấp
18177,122,2,627.77,347,20.250645161290322,United Kingdom,2,Ngủ quên / cần kích hoạt lại
18178,250,4,1590.81,983,16.400103092783503,United Kingdom,2,Ngủ quên / cần kích hoạt lại
18179,163,2,545.8,323,28.72631578947368,United Kingdom,2,Ngủ quên / cần kích hoạt lại
18180,2,3,940.75,1059,14.69921875,United Kingdom,0,Trung thành tiềm năng
18183,69,1,312.8,120,16.46315789473684,United Kingdom,3,Mới hoặc giá trị thấp
18185,251,1,304.25,183,17.897058823529413,United Kingdom,3,Mới hoặc giá trị thấp
18196,216,1,238.35,192,3.783333333333333,United Kingdom,3,Mới hoặc giá trị thấp
18198,122,7,2158.83,1459,29.573013698630135,United Kingdom,1,VIP / Giá trị cao
18202,343,1,485.73,197,21.118695652173916,United Kingdom,3,Mới hoặc giá trị thấp
18203,218,1,160.42000000000002,43,8.443157894736842,United Kingdom,3,Mới hoặc giá trị thấp
18205,275,1,291.6,116,17.15294117647059,United Kingdom,3,Mới hoặc giá trị thấp
18209,30,1,139.10000000000002,58,17.387500000000003,United Kingdom,3,Mới hoặc giá trị thấp
18210,61,2,499.27000000000004,323,19.20269230769231,United Kingdom,2,Ngủ quên / cần kích hoạt lại
18211,191,1,137.9,56,17.2375,United Kingdom,3,Mới hoặc giá trị thấp
18215,32,1,299.34000000000003,118,23.02615384615385,United Kingdom,3,Mới hoặc giá trị thấp
18216,122,1,481.75,200,18.528846153846153,United Kingdom,3,Mới hoặc giá trị thấp
18217,61,1,303.85,223,25.320833333333336,United Kingdom,3,Mới hoặc giá trị thấp
18218,6,2,662.08,584,31.527619047619048,United Kingdom,0,Trung thành tiềm năng
18219,97,3,680.1800000000001,292,17.899473684210527,United Kingdom,2,Ngủ quên / cần kích hoạt lại
18221,6,3,708.81,449,17.288048780487802,United Kingdom,0,Trung thành tiềm năng
18222,124,1,443.0,335,23.31578947368421,United Kingdom,2,Ngủ quên / cần kích hoạt lại
18223,191,4,1505.88,818,20.915000000000003,United Kingdom,2,Ngủ quên / cần kích hoạt lại
18225,162,3,799.1,445,19.9775,United Kingdom,2,Ngủ quên / cần kích hoạt lại
18226,33,5,2251.38,1699,20.101607142857144,United Kingdom,1,VIP / Giá trị cao
18227,189,1,93.75,21,18.75,United Kingdom,3,Mới hoặc giá trị thấp
18229,1,7,2397.7400000000002,860,47.01450980392158,United Kingdom,1,VIP / Giá trị cao
18230,61,4,1697.92,800,29.788070175438598,United Kingdom,1,VIP / Giá trị cao
18232,218,1,129.64000000000001,107,16.205000000000002,United Kingdom,3,Mới hoặc giá trị thấp
18235,33,2,749.8,706,14.147169811320754,United Kingdom,2,Ngủ quên / cần kích hoạt lại
18236,61,4,626.49,322,18.426176470588235,United Kingdom,2,Ngủ quên / cần kích hoạt lại
18237,3,4,663.72,456,15.802857142857144,United Kingdom,0,Trung thành tiềm năng
18239,220,2,904.8100000000001,405,16.45109090909091,United Kingdom,2,Ngủ quên / cần kích hoạt lại
18241,31,5,900.73,517,17.661372549019607,United Kingdom,2,Ngủ quên / cần kích hoạt lại
18242,67,1,314.26,118,34.91777777777778,United Kingdom,3,Mới hoặc giá trị thấp
18245,6,3,1395.63,866,15.169891304347827,United Kingdom,0,Trung thành tiềm năng
18248,94,2,804.02,511,17.1068085106383,United Kingdom,2,Ngủ quên / cần kích hoạt lại
18250,312,1,349.27,199,16.63190476190476,United Kingdom,3,Mới hoặc giá trị thấp
18255,32,1,103.3,74,17.216666666666665,United Kingdom,3,Mới hoặc giá trị thấp
18257,276,2,532.38,192,20.476153846153846,United Kingdom,2,Ngủ quên / cần kích hoạt lại
18259,486,1,376.30000000000007,116,53.75714285714287,United Kingdom,3,Mới hoặc giá trị thấp
18260,101,1,557.07,429,21.425769230769234,United Kingdom,2,Ngủ quên / cần kích hoạt lại
18261,216,1,224.8,102,14.986666666666668,United Kingdom,3,Mới hoặc giá trị thấp
18263,157,2,811.4,1048,18.03111111111111,United Kingdom,2,Ngủ quên / cần kích hoạt lại
18265,248,1,488.55,224,16.84655172413793,United Kingdom,3,Mới hoặc giá trị thấp
18269,486,1,168.6,76,24.085714285714285,United Kingdom,3,Mới hoặc giá trị thấp
18270,334,1,171.20000000000002,60,28.533333333333335,United Kingdom,3,Mới hoặc giá trị thấp
18272,4,3,1761.3600000000001,1158,18.93935483870968,United Kingdom,0,Trung thành tiềm năng
18273,152,2,153.0,60,76.5,United Kingdom,3,Mới hoặc giá trị thấp
18274,91,1,175.92,88,15.992727272727272,United Kingdom,3,Mới hoặc giá trị thấp
18277,1,1,110.38,68,13.7975,United Kingdom,0,Trung thành tiềm năng
18280,161,1,180.60000000000002,45,18.060000000000002,United Kingdom,3,Mới hoặc giá trị thấp
18281,5,1,80.82,54,11.545714285714284,United Kingdom,0,Trung thành tiềm năng
18282,217,2,178.05,103,14.8375,United Kingdom,3,Mới hoặc giá trị thấp
18283,61,5,565.65,363,2.6432242990654204,United Kingdom,2,Ngủ quên / cần kích hoạt lại
18287,1,1,1001.3199999999999,990,26.350526315789473,United Kingdom,0,Trung thành tiềm năng
